<?xml version='1.0' encoding='UTF-8'?>
<backup xmlns="http://www.atlassian.com/ao" xmlns:xsi="http://www.w3.org/2001/XMLSchema-instance">
  <database>
    <meta key="database.name" value="H2"/>
    <meta key="database.version" value="1.4.185 (2015-01-16)"/>
    <meta key="database.minorVersion" value="4"/>
    <meta key="database.majorVersion" value="1"/>
    <meta key="driver.name" value="H2 JDBC Driver"/>
    <meta key="driver.version" value="1.4.185 (2015-01-16)"/>
  </database>
  <table name="AO_21D670_WHITELIST_RULES">
    <column name="ALLOWINBOUND" primaryKey="false" autoIncrement="false" sqlType="16" precision="1"/>
    <column name="EXPRESSION" primaryKey="false" autoIncrement="false" sqlType="2005" precision="2147483647"/>
    <column name="ID" primaryKey="true" autoIncrement="true" sqlType="4" precision="10"/>
    <column name="TYPE" primaryKey="false" autoIncrement="false" sqlType="12" precision="255"/>
  </table>
  <table name="AO_38321B_CUSTOM_CONTENT_LINK">
    <column name="CONTENT_KEY" primaryKey="false" autoIncrement="false" sqlType="12" precision="255"/>
    <column name="ID" primaryKey="true" autoIncrement="true" sqlType="4" precision="10"/>
    <column name="LINK_LABEL" primaryKey="false" autoIncrement="false" sqlType="12" precision="255"/>
    <column name="LINK_URL" primaryKey="false" autoIncrement="false" sqlType="12" precision="255"/>
    <column name="SEQUENCE" primaryKey="false" autoIncrement="false" sqlType="4" precision="10"/>
  </table>
  <table name="AO_3B1893_LOOP_DETECTION">
    <column name="COUNTER" primaryKey="false" autoIncrement="false" sqlType="4" precision="10"/>
    <column name="EXPIRES_AT" primaryKey="false" autoIncrement="false" sqlType="-5" precision="19"/>
    <column name="ID" primaryKey="true" autoIncrement="true" sqlType="4" precision="10"/>
    <column name="SENDER_EMAIL" primaryKey="false" autoIncrement="false" sqlType="2005" precision="2147483647"/>
  </table>
  <table name="AO_4AEACD_WEBHOOK_DAO">
    <column name="ENABLED" primaryKey="false" autoIncrement="false" sqlType="16" precision="1"/>
    <column name="ENCODED_EVENTS" primaryKey="false" autoIncrement="false" sqlType="2005" precision="2147483647"/>
    <column name="EXCLUDE_ISSUE_DETAILS" primaryKey="false" autoIncrement="false" sqlType="16" precision="1"/>
    <column name="FILTER" primaryKey="false" autoIncrement="false" sqlType="2005" precision="2147483647"/>
    <column name="ID" primaryKey="true" autoIncrement="true" sqlType="4" precision="10"/>
    <column name="JQL" primaryKey="false" autoIncrement="false" sqlType="12" precision="255"/>
    <column name="LAST_UPDATED" primaryKey="false" autoIncrement="false" sqlType="93" precision="23" scale="10"/>
    <column name="LAST_UPDATED_USER" primaryKey="false" autoIncrement="false" sqlType="12" precision="255"/>
    <column name="NAME" primaryKey="false" autoIncrement="false" sqlType="2005" precision="2147483647"/>
    <column name="PARAMETERS" primaryKey="false" autoIncrement="false" sqlType="2005" precision="2147483647"/>
    <column name="REGISTRATION_METHOD" primaryKey="false" autoIncrement="false" sqlType="12" precision="255"/>
    <column name="URL" primaryKey="false" autoIncrement="false" sqlType="2005" precision="2147483647"/>
  </table>
  <table name="AO_550953_SHORTCUT">
    <column name="ICON" primaryKey="false" autoIncrement="false" sqlType="12" precision="255"/>
    <column name="ID" primaryKey="true" autoIncrement="true" sqlType="4" precision="10"/>
    <column name="NAME" primaryKey="false" autoIncrement="false" sqlType="12" precision="255"/>
    <column name="PROJECT_ID" primaryKey="false" autoIncrement="false" sqlType="-5" precision="19"/>
    <column name="SHORTCUT_URL" primaryKey="false" autoIncrement="false" sqlType="2005" precision="2147483647"/>
    <column name="URL" primaryKey="false" autoIncrement="false" sqlType="12" precision="255"/>
  </table>
  <table name="AO_563AEE_ACTIVITY_ENTITY">
    <column name="ACTIVITY_ID" primaryKey="true" autoIncrement="true" sqlType="-5" precision="19"/>
    <column name="ACTOR_ID" primaryKey="false" autoIncrement="false" sqlType="4" precision="10"/>
    <column name="CONTENT" primaryKey="false" autoIncrement="false" sqlType="2005" precision="2147483647"/>
    <column name="GENERATOR_DISPLAY_NAME" primaryKey="false" autoIncrement="false" sqlType="12" precision="255"/>
    <column name="GENERATOR_ID" primaryKey="false" autoIncrement="false" sqlType="12" precision="450"/>
    <column name="ICON_ID" primaryKey="false" autoIncrement="false" sqlType="4" precision="10"/>
    <column name="ID" primaryKey="false" autoIncrement="false" sqlType="12" precision="450"/>
    <column name="ISSUE_KEY" primaryKey="false" autoIncrement="false" sqlType="12" precision="255"/>
    <column name="OBJECT_ID" primaryKey="false" autoIncrement="false" sqlType="4" precision="10"/>
    <column name="POSTER" primaryKey="false" autoIncrement="false" sqlType="12" precision="255"/>
    <column name="PROJECT_KEY" primaryKey="false" autoIncrement="false" sqlType="12" precision="255"/>
    <column name="PUBLISHED" primaryKey="false" autoIncrement="false" sqlType="93" precision="23" scale="10"/>
    <column name="TARGET_ID" primaryKey="false" autoIncrement="false" sqlType="4" precision="10"/>
    <column name="TITLE" primaryKey="false" autoIncrement="false" sqlType="12" precision="255"/>
    <column name="URL" primaryKey="false" autoIncrement="false" sqlType="12" precision="450"/>
    <column name="USERNAME" primaryKey="false" autoIncrement="false" sqlType="12" precision="255"/>
    <column name="VERB" primaryKey="false" autoIncrement="false" sqlType="12" precision="450"/>
    <foreignKey fromTable="AO_563AEE_ACTIVITY_ENTITY" fromColumn="ACTOR_ID" toTable="AO_563AEE_ACTOR_ENTITY" toColumn="ID"/>
    <foreignKey fromTable="AO_563AEE_ACTIVITY_ENTITY" fromColumn="ICON_ID" toTable="AO_563AEE_MEDIA_LINK_ENTITY" toColumn="ID"/>
    <foreignKey fromTable="AO_563AEE_ACTIVITY_ENTITY" fromColumn="OBJECT_ID" toTable="AO_563AEE_OBJECT_ENTITY" toColumn="ID"/>
    <foreignKey fromTable="AO_563AEE_ACTIVITY_ENTITY" fromColumn="TARGET_ID" toTable="AO_563AEE_TARGET_ENTITY" toColumn="ID"/>
  </table>
  <table name="AO_563AEE_ACTOR_ENTITY">
    <column name="FULL_NAME" primaryKey="false" autoIncrement="false" sqlType="12" precision="255"/>
    <column name="ID" primaryKey="true" autoIncrement="true" sqlType="4" precision="10"/>
    <column name="PROFILE_PAGE_URI" primaryKey="false" autoIncrement="false" sqlType="12" precision="450"/>
    <column name="PROFILE_PICTURE_URI" primaryKey="false" autoIncrement="false" sqlType="12" precision="450"/>
    <column name="USERNAME" primaryKey="false" autoIncrement="false" sqlType="12" precision="255"/>
  </table>
  <table name="AO_563AEE_MEDIA_LINK_ENTITY">
    <column name="DURATION" primaryKey="false" autoIncrement="false" sqlType="4" precision="10"/>
    <column name="HEIGHT" primaryKey="false" autoIncrement="false" sqlType="4" precision="10"/>
    <column name="ID" primaryKey="true" autoIncrement="true" sqlType="4" precision="10"/>
    <column name="URL" primaryKey="false" autoIncrement="false" sqlType="12" precision="450"/>
    <column name="WIDTH" primaryKey="false" autoIncrement="false" sqlType="4" precision="10"/>
  </table>
  <table name="AO_563AEE_OBJECT_ENTITY">
    <column name="CONTENT" primaryKey="false" autoIncrement="false" sqlType="12" precision="255"/>
    <column name="DISPLAY_NAME" primaryKey="false" autoIncrement="false" sqlType="12" precision="255"/>
    <column name="ID" primaryKey="true" autoIncrement="true" sqlType="4" precision="10"/>
    <column name="IMAGE_ID" primaryKey="false" autoIncrement="false" sqlType="4" precision="10"/>
    <column name="OBJECT_ID" primaryKey="false" autoIncrement="false" sqlType="12" precision="450"/>
    <column name="OBJECT_TYPE" primaryKey="false" autoIncrement="false" sqlType="12" precision="450"/>
    <column name="SUMMARY" primaryKey="false" autoIncrement="false" sqlType="12" precision="255"/>
    <column name="URL" primaryKey="false" autoIncrement="false" sqlType="12" precision="450"/>
    <foreignKey fromTable="AO_563AEE_OBJECT_ENTITY" fromColumn="IMAGE_ID" toTable="AO_563AEE_MEDIA_LINK_ENTITY" toColumn="ID"/>
  </table>
  <table name="AO_563AEE_TARGET_ENTITY">
    <column name="CONTENT" primaryKey="false" autoIncrement="false" sqlType="12" precision="255"/>
    <column name="DISPLAY_NAME" primaryKey="false" autoIncrement="false" sqlType="12" precision="255"/>
    <column name="ID" primaryKey="true" autoIncrement="true" sqlType="4" precision="10"/>
    <column name="IMAGE_ID" primaryKey="false" autoIncrement="false" sqlType="4" precision="10"/>
    <column name="OBJECT_ID" primaryKey="false" autoIncrement="false" sqlType="12" precision="450"/>
    <column name="OBJECT_TYPE" primaryKey="false" autoIncrement="false" sqlType="12" precision="450"/>
    <column name="SUMMARY" primaryKey="false" autoIncrement="false" sqlType="12" precision="255"/>
    <column name="URL" primaryKey="false" autoIncrement="false" sqlType="12" precision="450"/>
    <foreignKey fromTable="AO_563AEE_TARGET_ENTITY" fromColumn="IMAGE_ID" toTable="AO_563AEE_MEDIA_LINK_ENTITY" toColumn="ID"/>
  </table>
  <table name="AO_575BF5_PROCESSED_COMMITS">
    <column name="COMMIT_HASH" primaryKey="false" autoIncrement="false" sqlType="12" precision="255"/>
    <column name="ID" primaryKey="true" autoIncrement="true" sqlType="4" precision="10"/>
  </table>
  <table name="AO_575BF5_PROVIDER_ISSUE">
    <column name="ID" primaryKey="true" autoIncrement="true" sqlType="4" precision="10"/>
    <column name="ISSUE_ID" primaryKey="false" autoIncrement="false" sqlType="-5" precision="19"/>
    <column name="PROVIDER_SOURCE_ID" primaryKey="false" autoIncrement="false" sqlType="12" precision="255"/>
    <column name="STALE_AFTER" primaryKey="false" autoIncrement="false" sqlType="-5" precision="19"/>
  </table>
  <table name="AO_587B34_PROJECT_CONFIG">
    <column name="CONFIGURATION_GROUP_ID" primaryKey="false" autoIncrement="false" sqlType="12" precision="255"/>
    <column name="ID" primaryKey="true" autoIncrement="true" sqlType="4" precision="10"/>
    <column name="NAME" primaryKey="false" autoIncrement="false" sqlType="12" precision="255"/>
    <column name="NAME_UNIQUE_CONSTRAINT" primaryKey="false" autoIncrement="false" sqlType="12" precision="255"/>
    <column name="PROJECT_ID" primaryKey="false" autoIncrement="false" sqlType="-5" precision="19"/>
    <column name="ROOM_ID" primaryKey="false" autoIncrement="false" sqlType="-5" precision="19"/>
    <column name="VALUE" primaryKey="false" autoIncrement="false" sqlType="12" precision="255"/>
  </table>
  <table name="AO_5FB9D7_AOHIP_CHAT_LINK">
    <column name="ADDON_TOKEN_EXPIRY" primaryKey="false" autoIncrement="false" sqlType="93" precision="23" scale="10"/>
    <column name="API_URL" primaryKey="false" autoIncrement="false" sqlType="12" precision="255"/>
    <column name="CONNECT_DESCRIPTOR" primaryKey="false" autoIncrement="false" sqlType="2005" precision="2147483647"/>
    <column name="GROUP_ID" primaryKey="false" autoIncrement="false" sqlType="4" precision="10"/>
    <column name="GROUP_NAME" primaryKey="false" autoIncrement="false" sqlType="12" precision="255"/>
    <column name="ID" primaryKey="true" autoIncrement="true" sqlType="4" precision="10"/>
    <column name="OAUTH_ID" primaryKey="false" autoIncrement="false" sqlType="12" precision="255"/>
    <column name="SECRET_KEY" primaryKey="false" autoIncrement="false" sqlType="12" precision="255"/>
    <column name="SYSTEM_PASSWORD" primaryKey="false" autoIncrement="false" sqlType="12" precision="255"/>
    <column name="SYSTEM_TOKEN_EXPIRY" primaryKey="false" autoIncrement="false" sqlType="93" precision="23" scale="10"/>
    <column name="SYSTEM_USER" primaryKey="false" autoIncrement="false" sqlType="12" precision="255"/>
    <column name="SYSTEM_USER_TOKEN" primaryKey="false" autoIncrement="false" sqlType="12" precision="255"/>
    <column name="TOKEN" primaryKey="false" autoIncrement="false" sqlType="12" precision="255"/>
  </table>
  <table name="AO_5FB9D7_AOHIP_CHAT_USER">
    <column name="HIP_CHAT_LINK_ID" primaryKey="false" autoIncrement="false" sqlType="4" precision="10"/>
    <column name="HIP_CHAT_USER_ID" primaryKey="false" autoIncrement="false" sqlType="12" precision="255"/>
    <column name="HIP_CHAT_USER_NAME" primaryKey="false" autoIncrement="false" sqlType="12" precision="255"/>
    <column name="ID" primaryKey="true" autoIncrement="true" sqlType="4" precision="10"/>
    <column name="REFRESH_CODE" primaryKey="false" autoIncrement="false" sqlType="12" precision="255"/>
    <column name="USER_KEY" primaryKey="false" autoIncrement="false" sqlType="12" precision="255"/>
    <column name="USER_SCOPES" primaryKey="false" autoIncrement="false" sqlType="12" precision="255"/>
    <column name="USER_TOKEN" primaryKey="false" autoIncrement="false" sqlType="12" precision="255"/>
    <column name="USER_TOKEN_EXPIRY" primaryKey="false" autoIncrement="false" sqlType="93" precision="23" scale="10"/>
    <foreignKey fromTable="AO_5FB9D7_AOHIP_CHAT_USER" fromColumn="HIP_CHAT_LINK_ID" toTable="AO_5FB9D7_AOHIP_CHAT_LINK" toColumn="ID"/>
  </table>
  <table name="AO_60DB71_AUDITENTRY">
    <column name="CATEGORY" primaryKey="false" autoIncrement="false" sqlType="12" precision="255"/>
    <column name="DATA" primaryKey="false" autoIncrement="false" sqlType="2005" precision="2147483647"/>
    <column name="ENTITY_CLASS" primaryKey="false" autoIncrement="false" sqlType="12" precision="255"/>
    <column name="ENTITY_ID" primaryKey="false" autoIncrement="false" sqlType="-5" precision="19"/>
    <column name="ID" primaryKey="true" autoIncrement="true" sqlType="-5" precision="19"/>
    <column name="TIME" primaryKey="false" autoIncrement="false" sqlType="-5" precision="19"/>
    <column name="USER" primaryKey="false" autoIncrement="false" sqlType="12" precision="255"/>
  </table>
  <table name="AO_60DB71_BOARDADMINS">
    <column name="ID" primaryKey="true" autoIncrement="true" sqlType="-5" precision="19"/>
    <column name="KEY" primaryKey="false" autoIncrement="false" sqlType="12" precision="255"/>
    <column name="RAPID_VIEW_ID" primaryKey="false" autoIncrement="false" sqlType="-5" precision="19"/>
    <column name="TYPE" primaryKey="false" autoIncrement="false" sqlType="12" precision="255"/>
    <foreignKey fromTable="AO_60DB71_BOARDADMINS" fromColumn="RAPID_VIEW_ID" toTable="AO_60DB71_RAPIDVIEW" toColumn="ID"/>
  </table>
  <table name="AO_60DB71_CARDCOLOR">
    <column name="COLOR" primaryKey="false" autoIncrement="false" sqlType="12" precision="255"/>
    <column name="ID" primaryKey="true" autoIncrement="true" sqlType="-5" precision="19"/>
    <column name="POS" primaryKey="false" autoIncrement="false" sqlType="4" precision="10"/>
    <column name="RAPID_VIEW_ID" primaryKey="false" autoIncrement="false" sqlType="-5" precision="19"/>
    <column name="STRATEGY" primaryKey="false" autoIncrement="false" sqlType="12" precision="255"/>
    <column name="VAL" primaryKey="false" autoIncrement="false" sqlType="12" precision="255"/>
    <foreignKey fromTable="AO_60DB71_CARDCOLOR" fromColumn="RAPID_VIEW_ID" toTable="AO_60DB71_RAPIDVIEW" toColumn="ID"/>
  </table>
  <table name="AO_60DB71_CARDLAYOUT">
    <column name="FIELD_ID" primaryKey="false" autoIncrement="false" sqlType="12" precision="255"/>
    <column name="ID" primaryKey="true" autoIncrement="true" sqlType="-5" precision="19"/>
    <column name="MODE_NAME" primaryKey="false" autoIncrement="false" sqlType="12" precision="255"/>
    <column name="POS" primaryKey="false" autoIncrement="false" sqlType="4" precision="10"/>
    <column name="RAPID_VIEW_ID" primaryKey="false" autoIncrement="false" sqlType="-5" precision="19"/>
    <foreignKey fromTable="AO_60DB71_CARDLAYOUT" fromColumn="RAPID_VIEW_ID" toTable="AO_60DB71_RAPIDVIEW" toColumn="ID"/>
  </table>
  <table name="AO_60DB71_COLUMN">
    <column name="ID" primaryKey="true" autoIncrement="true" sqlType="-5" precision="19"/>
    <column name="MAXIM" primaryKey="false" autoIncrement="false" sqlType="8" precision="17"/>
    <column name="MINIM" primaryKey="false" autoIncrement="false" sqlType="8" precision="17"/>
    <column name="NAME" primaryKey="false" autoIncrement="false" sqlType="12" precision="255"/>
    <column name="POS" primaryKey="false" autoIncrement="false" sqlType="4" precision="10"/>
    <column name="RAPID_VIEW_ID" primaryKey="false" autoIncrement="false" sqlType="-5" precision="19"/>
    <foreignKey fromTable="AO_60DB71_COLUMN" fromColumn="RAPID_VIEW_ID" toTable="AO_60DB71_RAPIDVIEW" toColumn="ID"/>
  </table>
  <table name="AO_60DB71_COLUMNSTATUS">
    <column name="COLUMN_ID" primaryKey="false" autoIncrement="false" sqlType="-5" precision="19"/>
    <column name="ID" primaryKey="true" autoIncrement="true" sqlType="-5" precision="19"/>
    <column name="POS" primaryKey="false" autoIncrement="false" sqlType="4" precision="10"/>
    <column name="STATUS_ID" primaryKey="false" autoIncrement="false" sqlType="12" precision="255"/>
    <foreignKey fromTable="AO_60DB71_COLUMNSTATUS" fromColumn="COLUMN_ID" toTable="AO_60DB71_COLUMN" toColumn="ID"/>
  </table>
  <table name="AO_60DB71_DETAILVIEWFIELD">
    <column name="FIELD_ID" primaryKey="false" autoIncrement="false" sqlType="12" precision="255"/>
    <column name="ID" primaryKey="true" autoIncrement="true" sqlType="-5" precision="19"/>
    <column name="POS" primaryKey="false" autoIncrement="false" sqlType="4" precision="10"/>
    <column name="RAPID_VIEW_ID" primaryKey="false" autoIncrement="false" sqlType="-5" precision="19"/>
    <foreignKey fromTable="AO_60DB71_DETAILVIEWFIELD" fromColumn="RAPID_VIEW_ID" toTable="AO_60DB71_RAPIDVIEW" toColumn="ID"/>
  </table>
  <table name="AO_60DB71_ESTIMATESTATISTIC">
    <column name="FIELD_ID" primaryKey="false" autoIncrement="false" sqlType="12" precision="255"/>
    <column name="ID" primaryKey="true" autoIncrement="true" sqlType="-5" precision="19"/>
    <column name="RAPID_VIEW_ID" primaryKey="false" autoIncrement="false" sqlType="-5" precision="19"/>
    <column name="TYPE_ID" primaryKey="false" autoIncrement="false" sqlType="12" precision="255"/>
    <foreignKey fromTable="AO_60DB71_ESTIMATESTATISTIC" fromColumn="RAPID_VIEW_ID" toTable="AO_60DB71_RAPIDVIEW" toColumn="ID"/>
  </table>
  <table name="AO_60DB71_ISSUERANKING">
    <column name="CUSTOM_FIELD_ID" primaryKey="false" autoIncrement="false" sqlType="-5" precision="19"/>
    <column name="ID" primaryKey="true" autoIncrement="true" sqlType="-5" precision="19"/>
    <column name="ISSUE_ID" primaryKey="false" autoIncrement="false" sqlType="-5" precision="19"/>
    <column name="NEXT_ID" primaryKey="false" autoIncrement="false" sqlType="-5" precision="19"/>
  </table>
  <table name="AO_60DB71_ISSUERANKINGLOG">
    <column name="CUSTOM_FIELD_ID" primaryKey="false" autoIncrement="false" sqlType="-5" precision="19"/>
    <column name="ID" primaryKey="true" autoIncrement="true" sqlType="-5" precision="19"/>
    <column name="ISSUE_ID" primaryKey="false" autoIncrement="false" sqlType="-5" precision="19"/>
    <column name="LOG_TYPE" primaryKey="false" autoIncrement="false" sqlType="12" precision="255"/>
    <column name="NEW_NEXT_ID" primaryKey="false" autoIncrement="false" sqlType="-5" precision="19"/>
    <column name="NEW_PREVIOUS_ID" primaryKey="false" autoIncrement="false" sqlType="-5" precision="19"/>
    <column name="OLD_NEXT_ID" primaryKey="false" autoIncrement="false" sqlType="-5" precision="19"/>
    <column name="OLD_PREVIOUS_ID" primaryKey="false" autoIncrement="false" sqlType="-5" precision="19"/>
    <column name="SANITY_CHECKED" primaryKey="false" autoIncrement="false" sqlType="12" precision="255"/>
  </table>
  <table name="AO_60DB71_LEXORANK">
    <column name="FIELD_ID" primaryKey="false" autoIncrement="false" sqlType="-5" precision="19"/>
    <column name="ID" primaryKey="true" autoIncrement="true" sqlType="-5" precision="19"/>
    <column name="ISSUE_ID" primaryKey="false" autoIncrement="false" sqlType="-5" precision="19"/>
    <column name="LOCK_HASH" primaryKey="false" autoIncrement="false" sqlType="12" precision="255"/>
    <column name="LOCK_TIME" primaryKey="false" autoIncrement="false" sqlType="-5" precision="19"/>
    <column name="RANK" primaryKey="false" autoIncrement="false" sqlType="12" precision="255"/>
    <column name="TYPE" primaryKey="false" autoIncrement="false" sqlType="4" precision="10"/>
  </table>
  <table name="AO_60DB71_LEXORANKBALANCER">
    <column name="DISABLE_RANK_OPERATIONS" primaryKey="false" autoIncrement="false" sqlType="16" precision="1"/>
    <column name="FIELD_ID" primaryKey="false" autoIncrement="false" sqlType="-5" precision="19"/>
    <column name="ID" primaryKey="true" autoIncrement="true" sqlType="-5" precision="19"/>
    <column name="REBALANCE_TIME" primaryKey="false" autoIncrement="false" sqlType="-5" precision="19"/>
  </table>
  <table name="AO_60DB71_NONWORKINGDAY">
    <column name="ID" primaryKey="true" autoIncrement="true" sqlType="-5" precision="19"/>
    <column name="ISO8601_DATE" primaryKey="false" autoIncrement="false" sqlType="12" precision="255"/>
    <column name="WORKING_DAYS_ID" primaryKey="false" autoIncrement="false" sqlType="-5" precision="19"/>
    <foreignKey fromTable="AO_60DB71_NONWORKINGDAY" fromColumn="WORKING_DAYS_ID" toTable="AO_60DB71_WORKINGDAYS" toColumn="ID"/>
  </table>
  <table name="AO_60DB71_QUICKFILTER">
    <column name="DESCRIPTION" primaryKey="false" autoIncrement="false" sqlType="12" precision="255"/>
    <column name="ID" primaryKey="true" autoIncrement="true" sqlType="-5" precision="19"/>
    <column name="LONG_QUERY" primaryKey="false" autoIncrement="false" sqlType="2005" precision="2147483647"/>
    <column name="NAME" primaryKey="false" autoIncrement="false" sqlType="12" precision="255"/>
    <column name="POS" primaryKey="false" autoIncrement="false" sqlType="4" precision="10"/>
    <column name="QUERY" primaryKey="false" autoIncrement="false" sqlType="12" precision="255"/>
    <column name="RAPID_VIEW_ID" primaryKey="false" autoIncrement="false" sqlType="-5" precision="19"/>
    <foreignKey fromTable="AO_60DB71_QUICKFILTER" fromColumn="RAPID_VIEW_ID" toTable="AO_60DB71_RAPIDVIEW" toColumn="ID"/>
  </table>
  <table name="AO_60DB71_RANKABLEOBJECT">
    <column name="ID" primaryKey="true" autoIncrement="true" sqlType="-5" precision="19"/>
    <column name="TYPE" primaryKey="false" autoIncrement="false" sqlType="12" precision="255"/>
  </table>
  <table name="AO_60DB71_RANK_ISSUE_LINK">
    <column name="ISSUE_ID" primaryKey="true" autoIncrement="false" sqlType="-5" precision="19"/>
    <column name="NEXT_ID" primaryKey="false" autoIncrement="false" sqlType="-5" precision="19"/>
  </table>
  <table name="AO_60DB71_RAPIDVIEW">
    <column name="CARD_COLOR_STRATEGY" primaryKey="false" autoIncrement="false" sqlType="12" precision="255"/>
    <column name="ID" primaryKey="true" autoIncrement="true" sqlType="-5" precision="19"/>
    <column name="NAME" primaryKey="false" autoIncrement="false" sqlType="12" precision="255"/>
    <column name="OWNER_USER_NAME" primaryKey="false" autoIncrement="false" sqlType="12" precision="255"/>
    <column name="SAVED_FILTER_ID" primaryKey="false" autoIncrement="false" sqlType="-5" precision="19"/>
    <column name="SHOW_DAYS_IN_COLUMN" primaryKey="false" autoIncrement="false" sqlType="16" precision="1"/>
    <column name="SPRINTS_ENABLED" primaryKey="false" autoIncrement="false" sqlType="16" precision="1"/>
    <column name="SPRINT_MARKERS_MIGRATED" primaryKey="false" autoIncrement="false" sqlType="16" precision="1"/>
    <column name="SWIMLANE_STRATEGY" primaryKey="false" autoIncrement="false" sqlType="12" precision="255"/>
  </table>
  <table name="AO_60DB71_SPRINT">
    <column name="CLOSED" primaryKey="false" autoIncrement="false" sqlType="16" precision="1"/>
    <column name="COMPLETE_DATE" primaryKey="false" autoIncrement="false" sqlType="-5" precision="19"/>
    <column name="END_DATE" primaryKey="false" autoIncrement="false" sqlType="-5" precision="19"/>
    <column name="ID" primaryKey="true" autoIncrement="true" sqlType="-5" precision="19"/>
    <column name="NAME" primaryKey="false" autoIncrement="false" sqlType="12" precision="255"/>
    <column name="RAPID_VIEW_ID" primaryKey="false" autoIncrement="false" sqlType="-5" precision="19"/>
    <column name="SEQUENCE" primaryKey="false" autoIncrement="false" sqlType="-5" precision="19"/>
    <column name="STARTED" primaryKey="false" autoIncrement="false" sqlType="16" precision="1"/>
    <column name="START_DATE" primaryKey="false" autoIncrement="false" sqlType="-5" precision="19"/>
  </table>
  <table name="AO_60DB71_SPRINTMARKER">
    <column name="ID" primaryKey="true" autoIncrement="false" sqlType="-5" precision="19"/>
    <column name="MARKER_CONTEXT" primaryKey="false" autoIncrement="false" sqlType="-5" precision="19"/>
    <column name="NAME" primaryKey="false" autoIncrement="false" sqlType="12" precision="255"/>
  </table>
  <table name="AO_60DB71_STATSFIELD">
    <column name="ID" primaryKey="true" autoIncrement="true" sqlType="-5" precision="19"/>
    <column name="RAPID_VIEW_ID" primaryKey="false" autoIncrement="false" sqlType="-5" precision="19"/>
    <column name="TYPE_ID" primaryKey="false" autoIncrement="false" sqlType="12" precision="255"/>
    <foreignKey fromTable="AO_60DB71_STATSFIELD" fromColumn="RAPID_VIEW_ID" toTable="AO_60DB71_RAPIDVIEW" toColumn="ID"/>
  </table>
  <table name="AO_60DB71_SUBQUERY">
    <column name="ID" primaryKey="true" autoIncrement="true" sqlType="-5" precision="19"/>
    <column name="LONG_QUERY" primaryKey="false" autoIncrement="false" sqlType="2005" precision="2147483647"/>
    <column name="QUERY" primaryKey="false" autoIncrement="false" sqlType="12" precision="255"/>
    <column name="RAPID_VIEW_ID" primaryKey="false" autoIncrement="false" sqlType="-5" precision="19"/>
    <column name="SECTION" primaryKey="false" autoIncrement="false" sqlType="12" precision="255"/>
    <foreignKey fromTable="AO_60DB71_SUBQUERY" fromColumn="RAPID_VIEW_ID" toTable="AO_60DB71_RAPIDVIEW" toColumn="ID"/>
  </table>
  <table name="AO_60DB71_SWIMLANE">
    <column name="DEFAULT_LANE" primaryKey="false" autoIncrement="false" sqlType="16" precision="1"/>
    <column name="DESCRIPTION" primaryKey="false" autoIncrement="false" sqlType="12" precision="255"/>
    <column name="ID" primaryKey="true" autoIncrement="true" sqlType="-5" precision="19"/>
    <column name="LONG_QUERY" primaryKey="false" autoIncrement="false" sqlType="2005" precision="2147483647"/>
    <column name="NAME" primaryKey="false" autoIncrement="false" sqlType="12" precision="255"/>
    <column name="POS" primaryKey="false" autoIncrement="false" sqlType="4" precision="10"/>
    <column name="QUERY" primaryKey="false" autoIncrement="false" sqlType="12" precision="255"/>
    <column name="RAPID_VIEW_ID" primaryKey="false" autoIncrement="false" sqlType="-5" precision="19"/>
    <foreignKey fromTable="AO_60DB71_SWIMLANE" fromColumn="RAPID_VIEW_ID" toTable="AO_60DB71_RAPIDVIEW" toColumn="ID"/>
  </table>
  <table name="AO_60DB71_TRACKINGSTATISTIC">
    <column name="FIELD_ID" primaryKey="false" autoIncrement="false" sqlType="12" precision="255"/>
    <column name="ID" primaryKey="true" autoIncrement="true" sqlType="-5" precision="19"/>
    <column name="RAPID_VIEW_ID" primaryKey="false" autoIncrement="false" sqlType="-5" precision="19"/>
    <column name="TYPE_ID" primaryKey="false" autoIncrement="false" sqlType="12" precision="255"/>
    <foreignKey fromTable="AO_60DB71_TRACKINGSTATISTIC" fromColumn="RAPID_VIEW_ID" toTable="AO_60DB71_RAPIDVIEW" toColumn="ID"/>
  </table>
  <table name="AO_60DB71_VERSION">
    <column name="ID" primaryKey="true" autoIncrement="true" sqlType="-5" precision="19"/>
    <column name="START_DATE" primaryKey="false" autoIncrement="false" sqlType="-5" precision="19"/>
    <column name="VERSION_ID" primaryKey="false" autoIncrement="false" sqlType="-5" precision="19"/>
  </table>
  <table name="AO_60DB71_WORKINGDAYS">
    <column name="FRIDAY" primaryKey="false" autoIncrement="false" sqlType="16" precision="1"/>
    <column name="ID" primaryKey="true" autoIncrement="true" sqlType="-5" precision="19"/>
    <column name="MONDAY" primaryKey="false" autoIncrement="false" sqlType="16" precision="1"/>
    <column name="RAPID_VIEW_ID" primaryKey="false" autoIncrement="false" sqlType="-5" precision="19"/>
    <column name="SATURDAY" primaryKey="false" autoIncrement="false" sqlType="16" precision="1"/>
    <column name="SUNDAY" primaryKey="false" autoIncrement="false" sqlType="16" precision="1"/>
    <column name="THURSDAY" primaryKey="false" autoIncrement="false" sqlType="16" precision="1"/>
    <column name="TIMEZONE" primaryKey="false" autoIncrement="false" sqlType="12" precision="255"/>
    <column name="TUESDAY" primaryKey="false" autoIncrement="false" sqlType="16" precision="1"/>
    <column name="WEDNESDAY" primaryKey="false" autoIncrement="false" sqlType="16" precision="1"/>
    <foreignKey fromTable="AO_60DB71_WORKINGDAYS" fromColumn="RAPID_VIEW_ID" toTable="AO_60DB71_RAPIDVIEW" toColumn="ID"/>
  </table>
  <table name="AO_97EDAB_USERINVITATION">
    <column name="APPLICATION_KEYS" primaryKey="false" autoIncrement="false" sqlType="12" precision="255"/>
    <column name="EMAIL_ADDRESS" primaryKey="false" autoIncrement="false" sqlType="12" precision="255"/>
    <column name="EXPIRY" primaryKey="false" autoIncrement="false" sqlType="93" precision="23" scale="10"/>
    <column name="ID" primaryKey="true" autoIncrement="true" sqlType="4" precision="10"/>
    <column name="REDEEMED" primaryKey="false" autoIncrement="false" sqlType="16" precision="1"/>
    <column name="SENDER_USERNAME" primaryKey="false" autoIncrement="false" sqlType="12" precision="255"/>
    <column name="TOKEN" primaryKey="false" autoIncrement="false" sqlType="12" precision="255"/>
  </table>
  <table name="AO_A0B856_WEB_HOOK_LISTENER_AO">
    <column name="DESCRIPTION" primaryKey="false" autoIncrement="false" sqlType="2005" precision="2147483647"/>
    <column name="ENABLED" primaryKey="false" autoIncrement="false" sqlType="16" precision="1"/>
    <column name="EVENTS" primaryKey="false" autoIncrement="false" sqlType="2005" precision="2147483647"/>
    <column name="EXCLUDE_BODY" primaryKey="false" autoIncrement="false" sqlType="16" precision="1"/>
    <column name="FILTERS" primaryKey="false" autoIncrement="false" sqlType="2005" precision="2147483647"/>
    <column name="ID" primaryKey="true" autoIncrement="true" sqlType="4" precision="10"/>
    <column name="LAST_UPDATED" primaryKey="false" autoIncrement="false" sqlType="93" precision="23" scale="10"/>
    <column name="LAST_UPDATED_USER" primaryKey="false" autoIncrement="false" sqlType="12" precision="255"/>
    <column name="NAME" primaryKey="false" autoIncrement="false" sqlType="2005" precision="2147483647"/>
    <column name="PARAMETERS" primaryKey="false" autoIncrement="false" sqlType="2005" precision="2147483647"/>
    <column name="REGISTRATION_METHOD" primaryKey="false" autoIncrement="false" sqlType="12" precision="255"/>
    <column name="URL" primaryKey="false" autoIncrement="false" sqlType="2005" precision="2147483647"/>
  </table>
  <table name="AO_A44657_HEALTH_CHECK_ENTITY">
    <column name="ID" primaryKey="true" autoIncrement="true" sqlType="4" precision="10"/>
  </table>
  <table name="AO_B9A0F0_APPLIED_TEMPLATE">
    <column name="ID" primaryKey="true" autoIncrement="true" sqlType="4" precision="10"/>
    <column name="PROJECT_ID" primaryKey="false" autoIncrement="false" sqlType="-5" precision="19"/>
    <column name="PROJECT_TEMPLATE_MODULE_KEY" primaryKey="false" autoIncrement="false" sqlType="12" precision="255"/>
    <column name="PROJECT_TEMPLATE_WEB_ITEM_KEY" primaryKey="false" autoIncrement="false" sqlType="12" precision="255"/>
  </table>
  <table name="AO_CFF990_AOTRANSITION_FAILURE">
    <column name="ERROR_MESSAGES" primaryKey="false" autoIncrement="false" sqlType="2005" precision="2147483647"/>
    <column name="FAILURE_TIME" primaryKey="false" autoIncrement="false" sqlType="93" precision="23" scale="10"/>
    <column name="ID" primaryKey="true" autoIncrement="true" sqlType="4" precision="10"/>
    <column name="ISSUE_ID" primaryKey="false" autoIncrement="false" sqlType="-5" precision="19"/>
    <column name="LOG_REFERRAL_HASH" primaryKey="false" autoIncrement="false" sqlType="12" precision="255"/>
    <column name="TRANSITION_ID" primaryKey="false" autoIncrement="false" sqlType="-5" precision="19"/>
    <column name="TRIGGER_ID" primaryKey="false" autoIncrement="false" sqlType="-5" precision="19"/>
    <column name="USER_KEY" primaryKey="false" autoIncrement="false" sqlType="12" precision="255"/>
    <column name="WORKFLOW_ID" primaryKey="false" autoIncrement="false" sqlType="12" precision="255"/>
  </table>
  <table name="AO_E8B6CC_BRANCH">
    <column name="ID" primaryKey="true" autoIncrement="true" sqlType="4" precision="10"/>
    <column name="NAME" primaryKey="false" autoIncrement="false" sqlType="12" precision="255"/>
    <column name="REPOSITORY_ID" primaryKey="false" autoIncrement="false" sqlType="4" precision="10"/>
    <foreignKey fromTable="AO_E8B6CC_BRANCH" fromColumn="REPOSITORY_ID" toTable="AO_E8B6CC_REPOSITORY_MAPPING" toColumn="ID"/>
  </table>
  <table name="AO_E8B6CC_BRANCH_HEAD_MAPPING">
    <column name="BRANCH_NAME" primaryKey="false" autoIncrement="false" sqlType="12" precision="255"/>
    <column name="HEAD" primaryKey="false" autoIncrement="false" sqlType="12" precision="255"/>
    <column name="ID" primaryKey="true" autoIncrement="true" sqlType="4" precision="10"/>
    <column name="REPOSITORY_ID" primaryKey="false" autoIncrement="false" sqlType="4" precision="10"/>
  </table>
  <table name="AO_E8B6CC_CHANGESET_MAPPING">
    <column name="AUTHOR" primaryKey="false" autoIncrement="false" sqlType="12" precision="255"/>
    <column name="AUTHOR_EMAIL" primaryKey="false" autoIncrement="false" sqlType="12" precision="255"/>
    <column name="BRANCH" primaryKey="false" autoIncrement="false" sqlType="12" precision="255"/>
    <column name="DATE" primaryKey="false" autoIncrement="false" sqlType="93" precision="23" scale="10"/>
    <column name="FILES_DATA" primaryKey="false" autoIncrement="false" sqlType="2005" precision="2147483647"/>
    <column name="FILE_COUNT" primaryKey="false" autoIncrement="false" sqlType="4" precision="10"/>
    <column name="FILE_DETAILS_JSON" primaryKey="false" autoIncrement="false" sqlType="2005" precision="2147483647"/>
    <column name="ID" primaryKey="true" autoIncrement="true" sqlType="4" precision="10"/>
    <column name="ISSUE_KEY" primaryKey="false" autoIncrement="false" sqlType="12" precision="255"/>
    <column name="MESSAGE" primaryKey="false" autoIncrement="false" sqlType="2005" precision="2147483647"/>
    <column name="NODE" primaryKey="false" autoIncrement="false" sqlType="12" precision="255"/>
    <column name="PARENTS_DATA" primaryKey="false" autoIncrement="false" sqlType="12" precision="255"/>
    <column name="PROJECT_KEY" primaryKey="false" autoIncrement="false" sqlType="12" precision="255"/>
    <column name="RAW_AUTHOR" primaryKey="false" autoIncrement="false" sqlType="12" precision="255"/>
    <column name="RAW_NODE" primaryKey="false" autoIncrement="false" sqlType="12" precision="255"/>
    <column name="REPOSITORY_ID" primaryKey="false" autoIncrement="false" sqlType="4" precision="10"/>
    <column name="SMARTCOMMIT_AVAILABLE" primaryKey="false" autoIncrement="false" sqlType="16" precision="1"/>
    <column name="VERSION" primaryKey="false" autoIncrement="false" sqlType="4" precision="10"/>
  </table>
  <table name="AO_E8B6CC_COMMIT">
    <column name="AUTHOR" primaryKey="false" autoIncrement="false" sqlType="12" precision="255"/>
    <column name="AUTHOR_AVATAR_URL" primaryKey="false" autoIncrement="false" sqlType="12" precision="255"/>
    <column name="DATE" primaryKey="false" autoIncrement="false" sqlType="93" precision="23" scale="10"/>
    <column name="DOMAIN_ID" primaryKey="false" autoIncrement="false" sqlType="4" precision="10"/>
    <column name="ID" primaryKey="true" autoIncrement="true" sqlType="4" precision="10"/>
    <column name="MERGE" primaryKey="false" autoIncrement="false" sqlType="16" precision="1"/>
    <column name="MESSAGE" primaryKey="false" autoIncrement="false" sqlType="2005" precision="2147483647"/>
    <column name="NODE" primaryKey="false" autoIncrement="false" sqlType="12" precision="255"/>
    <column name="RAW_AUTHOR" primaryKey="false" autoIncrement="false" sqlType="12" precision="255"/>
  </table>
  <table name="AO_E8B6CC_GIT_HUB_EVENT">
    <column name="CREATED_AT" primaryKey="false" autoIncrement="false" sqlType="93" precision="23" scale="10"/>
    <column name="GIT_HUB_ID" primaryKey="false" autoIncrement="false" sqlType="12" precision="255"/>
    <column name="ID" primaryKey="true" autoIncrement="true" sqlType="4" precision="10"/>
    <column name="REPOSITORY_ID" primaryKey="false" autoIncrement="false" sqlType="4" precision="10"/>
    <column name="SAVE_POINT" primaryKey="false" autoIncrement="false" sqlType="16" precision="1"/>
    <foreignKey fromTable="AO_E8B6CC_GIT_HUB_EVENT" fromColumn="REPOSITORY_ID" toTable="AO_E8B6CC_REPOSITORY_MAPPING" toColumn="ID"/>
  </table>
  <table name="AO_E8B6CC_ISSUE_MAPPING">
    <column name="ID" primaryKey="true" autoIncrement="true" sqlType="4" precision="10"/>
    <column name="ISSUE_ID" primaryKey="false" autoIncrement="false" sqlType="12" precision="255"/>
    <column name="NODE" primaryKey="false" autoIncrement="false" sqlType="12" precision="255"/>
    <column name="PROJECT_KEY" primaryKey="false" autoIncrement="false" sqlType="12" precision="255"/>
    <column name="REPOSITORY_URI" primaryKey="false" autoIncrement="false" sqlType="12" precision="255"/>
  </table>
  <table name="AO_E8B6CC_ISSUE_MAPPING_V2">
    <column name="AUTHOR" primaryKey="false" autoIncrement="false" sqlType="12" precision="255"/>
    <column name="BRANCH" primaryKey="false" autoIncrement="false" sqlType="12" precision="255"/>
    <column name="DATE" primaryKey="false" autoIncrement="false" sqlType="93" precision="23" scale="10"/>
    <column name="FILES_DATA" primaryKey="false" autoIncrement="false" sqlType="2005" precision="2147483647"/>
    <column name="ID" primaryKey="true" autoIncrement="true" sqlType="4" precision="10"/>
    <column name="ISSUE_ID" primaryKey="false" autoIncrement="false" sqlType="12" precision="255"/>
    <column name="MESSAGE" primaryKey="false" autoIncrement="false" sqlType="2005" precision="2147483647"/>
    <column name="NODE" primaryKey="false" autoIncrement="false" sqlType="12" precision="255"/>
    <column name="PARENTS_DATA" primaryKey="false" autoIncrement="false" sqlType="12" precision="255"/>
    <column name="RAW_AUTHOR" primaryKey="false" autoIncrement="false" sqlType="12" precision="255"/>
    <column name="RAW_NODE" primaryKey="false" autoIncrement="false" sqlType="12" precision="255"/>
    <column name="REPOSITORY_ID" primaryKey="false" autoIncrement="false" sqlType="4" precision="10"/>
    <column name="VERSION" primaryKey="false" autoIncrement="false" sqlType="4" precision="10"/>
  </table>
  <table name="AO_E8B6CC_ISSUE_TO_BRANCH">
    <column name="BRANCH_ID" primaryKey="false" autoIncrement="false" sqlType="4" precision="10"/>
    <column name="ID" primaryKey="true" autoIncrement="true" sqlType="4" precision="10"/>
    <column name="ISSUE_KEY" primaryKey="false" autoIncrement="false" sqlType="12" precision="255"/>
    <foreignKey fromTable="AO_E8B6CC_ISSUE_TO_BRANCH" fromColumn="BRANCH_ID" toTable="AO_E8B6CC_BRANCH" toColumn="ID"/>
  </table>
  <table name="AO_E8B6CC_ISSUE_TO_CHANGESET">
    <column name="CHANGESET_ID" primaryKey="false" autoIncrement="false" sqlType="4" precision="10"/>
    <column name="ID" primaryKey="true" autoIncrement="true" sqlType="4" precision="10"/>
    <column name="ISSUE_KEY" primaryKey="false" autoIncrement="false" sqlType="12" precision="255"/>
    <column name="PROJECT_KEY" primaryKey="false" autoIncrement="false" sqlType="12" precision="255"/>
  </table>
  <table name="AO_E8B6CC_MESSAGE">
    <column name="ADDRESS" primaryKey="false" autoIncrement="false" sqlType="12" precision="255"/>
    <column name="ID" primaryKey="true" autoIncrement="true" sqlType="4" precision="10"/>
    <column name="PAYLOAD" primaryKey="false" autoIncrement="false" sqlType="2005" precision="2147483647"/>
    <column name="PAYLOAD_TYPE" primaryKey="false" autoIncrement="false" sqlType="12" precision="255"/>
    <column name="PRIORITY" primaryKey="false" autoIncrement="false" sqlType="4" precision="10"/>
  </table>
  <table name="AO_E8B6CC_MESSAGE_QUEUE_ITEM">
    <column name="ID" primaryKey="true" autoIncrement="true" sqlType="4" precision="10"/>
    <column name="LAST_FAILED" primaryKey="false" autoIncrement="false" sqlType="93" precision="23" scale="10"/>
    <column name="MESSAGE_ID" primaryKey="false" autoIncrement="false" sqlType="4" precision="10"/>
    <column name="QUEUE" primaryKey="false" autoIncrement="false" sqlType="12" precision="255"/>
    <column name="RETRIES_COUNT" primaryKey="false" autoIncrement="false" sqlType="4" precision="10"/>
    <column name="STATE" primaryKey="false" autoIncrement="false" sqlType="12" precision="255"/>
    <column name="STATE_INFO" primaryKey="false" autoIncrement="false" sqlType="12" precision="255"/>
    <foreignKey fromTable="AO_E8B6CC_MESSAGE_QUEUE_ITEM" fromColumn="MESSAGE_ID" toTable="AO_E8B6CC_MESSAGE" toColumn="ID"/>
  </table>
  <table name="AO_E8B6CC_MESSAGE_TAG">
    <column name="ID" primaryKey="true" autoIncrement="true" sqlType="4" precision="10"/>
    <column name="MESSAGE_ID" primaryKey="false" autoIncrement="false" sqlType="4" precision="10"/>
    <column name="TAG" primaryKey="false" autoIncrement="false" sqlType="12" precision="255"/>
    <foreignKey fromTable="AO_E8B6CC_MESSAGE_TAG" fromColumn="MESSAGE_ID" toTable="AO_E8B6CC_MESSAGE" toColumn="ID"/>
  </table>
  <table name="AO_E8B6CC_ORGANIZATION_MAPPING">
    <column name="ACCESS_TOKEN" primaryKey="false" autoIncrement="false" sqlType="12" precision="255"/>
    <column name="ADMIN_PASSWORD" primaryKey="false" autoIncrement="false" sqlType="12" precision="255"/>
    <column name="ADMIN_USERNAME" primaryKey="false" autoIncrement="false" sqlType="12" precision="255"/>
    <column name="AUTOLINK_NEW_REPOS" primaryKey="false" autoIncrement="false" sqlType="16" precision="1"/>
    <column name="DEFAULT_GROUPS_SLUGS" primaryKey="false" autoIncrement="false" sqlType="12" precision="255"/>
    <column name="DVCS_TYPE" primaryKey="false" autoIncrement="false" sqlType="12" precision="255"/>
    <column name="HOST_URL" primaryKey="false" autoIncrement="false" sqlType="12" precision="255"/>
    <column name="ID" primaryKey="true" autoIncrement="true" sqlType="4" precision="10"/>
    <column name="NAME" primaryKey="false" autoIncrement="false" sqlType="12" precision="255"/>
    <column name="OAUTH_KEY" primaryKey="false" autoIncrement="false" sqlType="12" precision="255"/>
    <column name="OAUTH_SECRET" primaryKey="false" autoIncrement="false" sqlType="12" precision="255"/>
    <column name="PRINCIPAL_ID" primaryKey="false" autoIncrement="false" sqlType="12" precision="255"/>
    <column name="SMARTCOMMITS_FOR_NEW_REPOS" primaryKey="false" autoIncrement="false" sqlType="16" precision="1"/>
  </table>
  <table name="AO_E8B6CC_PROJECT_MAPPING">
    <column name="ID" primaryKey="true" autoIncrement="true" sqlType="4" precision="10"/>
    <column name="PASSWORD" primaryKey="false" autoIncrement="false" sqlType="12" precision="255"/>
    <column name="PROJECT_KEY" primaryKey="false" autoIncrement="false" sqlType="12" precision="255"/>
    <column name="REPOSITORY_URI" primaryKey="false" autoIncrement="false" sqlType="12" precision="255"/>
    <column name="USERNAME" primaryKey="false" autoIncrement="false" sqlType="12" precision="255"/>
  </table>
  <table name="AO_E8B6CC_PROJECT_MAPPING_V2">
    <column name="ACCESS_TOKEN" primaryKey="false" autoIncrement="false" sqlType="12" precision="255"/>
    <column name="ADMIN_PASSWORD" primaryKey="false" autoIncrement="false" sqlType="12" precision="255"/>
    <column name="ADMIN_USERNAME" primaryKey="false" autoIncrement="false" sqlType="12" precision="255"/>
    <column name="ID" primaryKey="true" autoIncrement="true" sqlType="4" precision="10"/>
    <column name="LAST_COMMIT_DATE" primaryKey="false" autoIncrement="false" sqlType="93" precision="23" scale="10"/>
    <column name="PROJECT_KEY" primaryKey="false" autoIncrement="false" sqlType="12" precision="255"/>
    <column name="REPOSITORY_NAME" primaryKey="false" autoIncrement="false" sqlType="12" precision="255"/>
    <column name="REPOSITORY_TYPE" primaryKey="false" autoIncrement="false" sqlType="12" precision="255"/>
    <column name="REPOSITORY_URL" primaryKey="false" autoIncrement="false" sqlType="12" precision="255"/>
  </table>
  <table name="AO_E8B6CC_PR_ISSUE_KEY">
    <column name="DOMAIN_ID" primaryKey="false" autoIncrement="false" sqlType="4" precision="10"/>
    <column name="ID" primaryKey="true" autoIncrement="true" sqlType="4" precision="10"/>
    <column name="ISSUE_KEY" primaryKey="false" autoIncrement="false" sqlType="12" precision="255"/>
    <column name="PULL_REQUEST_ID" primaryKey="false" autoIncrement="false" sqlType="4" precision="10"/>
  </table>
  <table name="AO_E8B6CC_PR_PARTICIPANT">
    <column name="APPROVED" primaryKey="false" autoIncrement="false" sqlType="16" precision="1"/>
    <column name="DOMAIN_ID" primaryKey="false" autoIncrement="false" sqlType="4" precision="10"/>
    <column name="ID" primaryKey="true" autoIncrement="true" sqlType="4" precision="10"/>
    <column name="PULL_REQUEST_ID" primaryKey="false" autoIncrement="false" sqlType="4" precision="10"/>
    <column name="ROLE" primaryKey="false" autoIncrement="false" sqlType="12" precision="255"/>
    <column name="USERNAME" primaryKey="false" autoIncrement="false" sqlType="12" precision="255"/>
    <foreignKey fromTable="AO_E8B6CC_PR_PARTICIPANT" fromColumn="PULL_REQUEST_ID" toTable="AO_E8B6CC_PULL_REQUEST" toColumn="ID"/>
  </table>
  <table name="AO_E8B6CC_PR_TO_COMMIT">
    <column name="COMMIT_ID" primaryKey="false" autoIncrement="false" sqlType="4" precision="10"/>
    <column name="DOMAIN_ID" primaryKey="false" autoIncrement="false" sqlType="4" precision="10"/>
    <column name="ID" primaryKey="true" autoIncrement="true" sqlType="4" precision="10"/>
    <column name="REQUEST_ID" primaryKey="false" autoIncrement="false" sqlType="4" precision="10"/>
    <foreignKey fromTable="AO_E8B6CC_PR_TO_COMMIT" fromColumn="COMMIT_ID" toTable="AO_E8B6CC_COMMIT" toColumn="ID"/>
    <foreignKey fromTable="AO_E8B6CC_PR_TO_COMMIT" fromColumn="REQUEST_ID" toTable="AO_E8B6CC_PULL_REQUEST" toColumn="ID"/>
  </table>
  <table name="AO_E8B6CC_PULL_REQUEST">
    <column name="AUTHOR" primaryKey="false" autoIncrement="false" sqlType="12" precision="255"/>
    <column name="COMMENT_COUNT" primaryKey="false" autoIncrement="false" sqlType="4" precision="10"/>
    <column name="CREATED_ON" primaryKey="false" autoIncrement="false" sqlType="93" precision="23" scale="10"/>
    <column name="DESTINATION_BRANCH" primaryKey="false" autoIncrement="false" sqlType="12" precision="255"/>
    <column name="DOMAIN_ID" primaryKey="false" autoIncrement="false" sqlType="4" precision="10"/>
    <column name="EXECUTED_BY" primaryKey="false" autoIncrement="false" sqlType="12" precision="255"/>
    <column name="ID" primaryKey="true" autoIncrement="true" sqlType="4" precision="10"/>
    <column name="LAST_STATUS" primaryKey="false" autoIncrement="false" sqlType="12" precision="255"/>
    <column name="NAME" primaryKey="false" autoIncrement="false" sqlType="12" precision="255"/>
    <column name="REMOTE_ID" primaryKey="false" autoIncrement="false" sqlType="-5" precision="19"/>
    <column name="SOURCE_BRANCH" primaryKey="false" autoIncrement="false" sqlType="12" precision="255"/>
    <column name="SOURCE_REPO" primaryKey="false" autoIncrement="false" sqlType="12" precision="255"/>
    <column name="TO_REPOSITORY_ID" primaryKey="false" autoIncrement="false" sqlType="4" precision="10"/>
    <column name="UPDATED_ON" primaryKey="false" autoIncrement="false" sqlType="93" precision="23" scale="10"/>
    <column name="URL" primaryKey="false" autoIncrement="false" sqlType="12" precision="255"/>
  </table>
  <table name="AO_E8B6CC_REPOSITORY_MAPPING">
    <column name="ACTIVITY_LAST_SYNC" primaryKey="false" autoIncrement="false" sqlType="93" precision="23" scale="10"/>
    <column name="DELETED" primaryKey="false" autoIncrement="false" sqlType="16" precision="1"/>
    <column name="FORK" primaryKey="false" autoIncrement="false" sqlType="16" precision="1"/>
    <column name="FORK_OF_NAME" primaryKey="false" autoIncrement="false" sqlType="12" precision="255"/>
    <column name="FORK_OF_OWNER" primaryKey="false" autoIncrement="false" sqlType="12" precision="255"/>
    <column name="FORK_OF_SLUG" primaryKey="false" autoIncrement="false" sqlType="12" precision="255"/>
    <column name="ID" primaryKey="true" autoIncrement="true" sqlType="4" precision="10"/>
    <column name="LAST_CHANGESET_NODE" primaryKey="false" autoIncrement="false" sqlType="12" precision="255"/>
    <column name="LAST_COMMIT_DATE" primaryKey="false" autoIncrement="false" sqlType="93" precision="23" scale="10"/>
    <column name="LINKED" primaryKey="false" autoIncrement="false" sqlType="16" precision="1"/>
    <column name="LOGO" primaryKey="false" autoIncrement="false" sqlType="2005" precision="2147483647"/>
    <column name="NAME" primaryKey="false" autoIncrement="false" sqlType="12" precision="255"/>
    <column name="ORGANIZATION_ID" primaryKey="false" autoIncrement="false" sqlType="4" precision="10"/>
    <column name="SLUG" primaryKey="false" autoIncrement="false" sqlType="12" precision="255"/>
    <column name="SMARTCOMMITS_ENABLED" primaryKey="false" autoIncrement="false" sqlType="16" precision="1"/>
    <column name="UPDATE_LINK_AUTHORISED" primaryKey="false" autoIncrement="false" sqlType="16" precision="1"/>
  </table>
  <table name="AO_E8B6CC_REPO_TO_CHANGESET">
    <column name="CHANGESET_ID" primaryKey="false" autoIncrement="false" sqlType="4" precision="10"/>
    <column name="ID" primaryKey="true" autoIncrement="true" sqlType="4" precision="10"/>
    <column name="REPOSITORY_ID" primaryKey="false" autoIncrement="false" sqlType="4" precision="10"/>
  </table>
  <table name="AO_E8B6CC_REPO_TO_PROJECT">
    <column name="ID" primaryKey="true" autoIncrement="true" sqlType="4" precision="10"/>
    <column name="PROJECT_KEY" primaryKey="false" autoIncrement="false" sqlType="12" precision="255"/>
    <column name="REPOSITORY_ID" primaryKey="false" autoIncrement="false" sqlType="4" precision="10"/>
    <foreignKey fromTable="AO_E8B6CC_REPO_TO_PROJECT" fromColumn="REPOSITORY_ID" toTable="AO_E8B6CC_REPOSITORY_MAPPING" toColumn="ID"/>
  </table>
  <table name="AO_E8B6CC_SYNC_AUDIT_LOG">
    <column name="END_DATE" primaryKey="false" autoIncrement="false" sqlType="93" precision="23" scale="10"/>
    <column name="EXC_TRACE" primaryKey="false" autoIncrement="false" sqlType="2005" precision="2147483647"/>
    <column name="FIRST_REQUEST_DATE" primaryKey="false" autoIncrement="false" sqlType="93" precision="23" scale="10"/>
    <column name="FLIGHT_TIME_MS" primaryKey="false" autoIncrement="false" sqlType="4" precision="10"/>
    <column name="ID" primaryKey="true" autoIncrement="true" sqlType="4" precision="10"/>
    <column name="NUM_REQUESTS" primaryKey="false" autoIncrement="false" sqlType="4" precision="10"/>
    <column name="REPO_ID" primaryKey="false" autoIncrement="false" sqlType="4" precision="10"/>
    <column name="START_DATE" primaryKey="false" autoIncrement="false" sqlType="93" precision="23" scale="10"/>
    <column name="SYNC_STATUS" primaryKey="false" autoIncrement="false" sqlType="12" precision="255"/>
    <column name="SYNC_TYPE" primaryKey="false" autoIncrement="false" sqlType="12" precision="255"/>
    <column name="TOTAL_ERRORS" primaryKey="false" autoIncrement="false" sqlType="4" precision="10"/>
  </table>
  <table name="AO_E8B6CC_SYNC_EVENT">
    <column name="EVENT_CLASS" primaryKey="false" autoIncrement="false" sqlType="2005" precision="2147483647"/>
    <column name="EVENT_DATE" primaryKey="false" autoIncrement="false" sqlType="93" precision="23" scale="10"/>
    <column name="EVENT_JSON" primaryKey="false" autoIncrement="false" sqlType="2005" precision="2147483647"/>
    <column name="ID" primaryKey="true" autoIncrement="true" sqlType="4" precision="10"/>
    <column name="REPO_ID" primaryKey="false" autoIncrement="false" sqlType="4" precision="10"/>
    <column name="SCHEDULED_SYNC" primaryKey="false" autoIncrement="false" sqlType="16" precision="1"/>
  </table>
  <data tableName="AO_21D670_WHITELIST_RULES">
    <column name="ALLOWINBOUND"/>
    <column name="EXPRESSION"/>
    <column name="ID"/>
    <column name="TYPE"/>
    <row>
      <boolean>false</boolean>
      <string>http://www.atlassian.com/*</string>
      <integer>1</integer>
      <string>WILDCARD_EXPRESSION</string>
    </row>
  </data>
  <data tableName="AO_38321B_CUSTOM_CONTENT_LINK">
    <column name="CONTENT_KEY"/>
    <column name="ID"/>
    <column name="LINK_LABEL"/>
    <column name="LINK_URL"/>
    <column name="SEQUENCE"/>
  </data>
  <data tableName="AO_3B1893_LOOP_DETECTION">
    <column name="COUNTER"/>
    <column name="EXPIRES_AT"/>
    <column name="ID"/>
    <column name="SENDER_EMAIL"/>
  </data>
  <data tableName="AO_4AEACD_WEBHOOK_DAO">
    <column name="ENABLED"/>
    <column name="ENCODED_EVENTS"/>
    <column name="FILTER"/>
    <column name="ID"/>
    <column name="JQL"/>
    <column name="LAST_UPDATED"/>
    <column name="LAST_UPDATED_USER"/>
    <column name="NAME"/>
    <column name="REGISTRATION_METHOD"/>
    <column name="URL"/>
    <column name="PARAMETERS"/>
    <column name="EXCLUDE_ISSUE_DETAILS"/>
    <row>
      <boolean>true</boolean>
      <string>worklog_created
option_unassigned_issues_changed
user_created
jira:version_created
project_deleted
project_updated
option_issuelinks_changed
jira:issue_updated
option_voting_changed
option_timetracking_changed
option_attachments_changed
jira:issue_created
jira:issue_deleted
project_created
option_watching_changed
jira:version_unreleased
jira:version_moved
user_updated
jira:version_released
jira:version_deleted
jira:version_merged
worklog_deleted
jira:worklog_updated
jira:version_updated
option_subtasks_changed
worklog_updated
user_deleted</string>
      <string></string>
      <integer>1</integer>
      <string xsi:nil="true"/>
      <timestamp>2016-07-10T10:12:12.617Z</timestamp>
      <string>v_markov</string>
      <string>Slack WebHook Listener</string>
      <string>REST</string>
      <string>https://hooks.slack.com/services/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$</string>
      <string xsi:nil="true"/>
      <boolean>false</boolean>
    </row>
  </data>
  <data tableName="AO_550953_SHORTCUT">
    <column name="ID"/>
    <column name="NAME"/>
    <column name="PROJECT_ID"/>
    <column name="SHORTCUT_URL"/>
    <column name="URL"/>
    <column name="ICON"/>
  </data>
  <data tableName="AO_563AEE_ACTIVITY_ENTITY">
    <column name="ACTIVITY_ID"/>
    <column name="ACTOR_ID"/>
    <column name="CONTENT"/>
    <column name="GENERATOR_DISPLAY_NAME"/>
    <column name="GENERATOR_ID"/>
    <column name="ICON_ID"/>
    <column name="ID"/>
    <column name="ISSUE_KEY"/>
    <column name="OBJECT_ID"/>
    <column name="POSTER"/>
    <column name="PROJECT_KEY"/>
    <column name="PUBLISHED"/>
    <column name="TARGET_ID"/>
    <column name="TITLE"/>
    <column name="URL"/>
    <column name="USERNAME"/>
    <column name="VERB"/>
  </data>
  <data tableName="AO_563AEE_ACTOR_ENTITY">
    <column name="FULL_NAME"/>
    <column name="ID"/>
    <column name="PROFILE_PAGE_URI"/>
    <column name="PROFILE_PICTURE_URI"/>
    <column name="USERNAME"/>
  </data>
  <data tableName="AO_563AEE_MEDIA_LINK_ENTITY">
    <column name="DURATION"/>
    <column name="HEIGHT"/>
    <column name="ID"/>
    <column name="URL"/>
    <column name="WIDTH"/>
  </data>
  <data tableName="AO_563AEE_OBJECT_ENTITY">
    <column name="CONTENT"/>
    <column name="DISPLAY_NAME"/>
    <column name="ID"/>
    <column name="IMAGE_ID"/>
    <column name="OBJECT_ID"/>
    <column name="OBJECT_TYPE"/>
    <column name="SUMMARY"/>
    <column name="URL"/>
  </data>
  <data tableName="AO_563AEE_TARGET_ENTITY">
    <column name="CONTENT"/>
    <column name="DISPLAY_NAME"/>
    <column name="ID"/>
    <column name="IMAGE_ID"/>
    <column name="OBJECT_ID"/>
    <column name="OBJECT_TYPE"/>
    <column name="SUMMARY"/>
    <column name="URL"/>
  </data>
  <data tableName="AO_575BF5_PROCESSED_COMMITS">
    <column name="COMMIT_HASH"/>
    <column name="ID"/>
  </data>
  <data tableName="AO_575BF5_PROVIDER_ISSUE">
    <column name="ID"/>
    <column name="ISSUE_ID"/>
    <column name="PROVIDER_SOURCE_ID"/>
    <column name="STALE_AFTER"/>
  </data>
  <data tableName="AO_587B34_PROJECT_CONFIG">
    <column name="CONFIGURATION_GROUP_ID"/>
    <column name="ID"/>
    <column name="NAME"/>
    <column name="NAME_UNIQUE_CONSTRAINT"/>
    <column name="PROJECT_ID"/>
    <column name="ROOM_ID"/>
    <column name="VALUE"/>
  </data>
  <data tableName="AO_5FB9D7_AOHIP_CHAT_LINK">
    <column name="ADDON_TOKEN_EXPIRY"/>
    <column name="API_URL"/>
    <column name="CONNECT_DESCRIPTOR"/>
    <column name="GROUP_ID"/>
    <column name="GROUP_NAME"/>
    <column name="ID"/>
    <column name="OAUTH_ID"/>
    <column name="SECRET_KEY"/>
    <column name="SYSTEM_PASSWORD"/>
    <column name="SYSTEM_TOKEN_EXPIRY"/>
    <column name="SYSTEM_USER"/>
    <column name="SYSTEM_USER_TOKEN"/>
    <column name="TOKEN"/>
  </data>
  <data tableName="AO_5FB9D7_AOHIP_CHAT_USER">
    <column name="HIP_CHAT_LINK_ID"/>
    <column name="HIP_CHAT_USER_ID"/>
    <column name="HIP_CHAT_USER_NAME"/>
    <column name="ID"/>
    <column name="REFRESH_CODE"/>
    <column name="USER_KEY"/>
    <column name="USER_SCOPES"/>
    <column name="USER_TOKEN"/>
    <column name="USER_TOKEN_EXPIRY"/>
  </data>
  <data tableName="AO_60DB71_AUDITENTRY">
    <column name="CATEGORY"/>
    <column name="DATA"/>
    <column name="ENTITY_CLASS"/>
    <column name="ENTITY_ID"/>
    <column name="ID"/>
    <column name="TIME"/>
    <column name="USER"/>
  </data>
  <data tableName="AO_60DB71_BOARDADMINS">
    <column name="ID"/>
    <column name="KEY"/>
    <column name="RAPID_VIEW_ID"/>
    <column name="TYPE"/>
    <row>
      <integer>1</integer>
      <string>p0zzy</string>
      <integer>1</integer>
      <string>USER</string>
    </row>
  </data>
  <data tableName="AO_60DB71_CARDCOLOR">
    <column name="COLOR"/>
    <column name="ID"/>
    <column name="POS"/>
    <column name="RAPID_VIEW_ID"/>
    <column name="STRATEGY"/>
    <column name="VAL"/>
  </data>
  <data tableName="AO_60DB71_CARDLAYOUT">
    <column name="FIELD_ID"/>
    <column name="ID"/>
    <column name="MODE_NAME"/>
    <column name="POS"/>
    <column name="RAPID_VIEW_ID"/>
  </data>
  <data tableName="AO_60DB71_COLUMN">
    <column name="ID"/>
    <column name="MAXIM"/>
    <column name="MINIM"/>
    <column name="NAME"/>
    <column name="POS"/>
    <column name="RAPID_VIEW_ID"/>
    <row>
      <integer>4</integer>
      <double xsi:nil="true"/>
      <double xsi:nil="true"/>
      <string>gh.workflow.preset.backlog</string>
      <integer>0</integer>
      <integer>1</integer>
    </row>
    <row>
      <integer>5</integer>
      <double xsi:nil="true"/>
      <double xsi:nil="true"/>
      <string>gh.workflow.preset.selectedfordevelopment</string>
      <integer>1</integer>
      <integer>1</integer>
    </row>
    <row>
      <integer>6</integer>
      <double>1.0</double>
      <double xsi:nil="true"/>
      <string>gh.workflow.preset.inprogress</string>
      <integer>2</integer>
      <integer>1</integer>
    </row>
    <row>
      <integer>7</integer>
      <double xsi:nil="true"/>
      <double xsi:nil="true"/>
      <string>gh.workflow.preset.done</string>
      <integer>3</integer>
      <integer>1</integer>
    </row>
  </data>
  <data tableName="AO_60DB71_COLUMNSTATUS">
    <column name="COLUMN_ID"/>
    <column name="ID"/>
    <column name="POS"/>
    <column name="STATUS_ID"/>
    <row>
      <integer>4</integer>
      <integer>5</integer>
      <integer>0</integer>
      <string>10000</string>
    </row>
    <row>
      <integer>5</integer>
      <integer>6</integer>
      <integer>0</integer>
      <string>10001</string>
    </row>
    <row>
      <integer>6</integer>
      <integer>7</integer>
      <integer>0</integer>
      <string>3</string>
    </row>
    <row>
      <integer>7</integer>
      <integer>8</integer>
      <integer>0</integer>
      <string>10002</string>
    </row>
  </data>
  <data tableName="AO_60DB71_DETAILVIEWFIELD">
    <column name="FIELD_ID"/>
    <column name="ID"/>
    <column name="POS"/>
    <column name="RAPID_VIEW_ID"/>
    <row>
      <string>status</string>
      <integer>1</integer>
      <integer>0</integer>
      <integer>1</integer>
    </row>
    <row>
      <string>components</string>
      <integer>2</integer>
      <integer>1</integer>
      <integer>1</integer>
    </row>
    <row>
      <string>labels</string>
      <integer>3</integer>
      <integer>2</integer>
      <integer>1</integer>
    </row>
    <row>
      <string>versions</string>
      <integer>4</integer>
      <integer>3</integer>
      <integer>1</integer>
    </row>
    <row>
      <string>fixVersions</string>
      <integer>5</integer>
      <integer>4</integer>
      <integer>1</integer>
    </row>
    <row>
      <string>issuelinks</string>
      <integer>6</integer>
      <integer>5</integer>
      <integer>1</integer>
    </row>
    <row>
      <string>reporter</string>
      <integer>7</integer>
      <integer>6</integer>
      <integer>1</integer>
    </row>
    <row>
      <string>assignee</string>
      <integer>8</integer>
      <integer>7</integer>
      <integer>1</integer>
    </row>
    <row>
      <string>created</string>
      <integer>9</integer>
      <integer>8</integer>
      <integer>1</integer>
    </row>
    <row>
      <string>updated</string>
      <integer>10</integer>
      <integer>9</integer>
      <integer>1</integer>
    </row>
    <row>
      <string>customfield_10002</string>
      <integer>11</integer>
      <integer>10</integer>
      <integer>1</integer>
    </row>
  </data>
  <data tableName="AO_60DB71_ESTIMATESTATISTIC">
    <column name="FIELD_ID"/>
    <column name="ID"/>
    <column name="RAPID_VIEW_ID"/>
    <column name="TYPE_ID"/>
    <row>
      <string xsi:nil="true"/>
      <integer>1</integer>
      <integer>1</integer>
      <string>none</string>
    </row>
  </data>
  <data tableName="AO_60DB71_ISSUERANKING">
    <column name="CUSTOM_FIELD_ID"/>
    <column name="ID"/>
    <column name="ISSUE_ID"/>
    <column name="NEXT_ID"/>
  </data>
  <data tableName="AO_60DB71_ISSUERANKINGLOG">
    <column name="CUSTOM_FIELD_ID"/>
    <column name="ID"/>
    <column name="ISSUE_ID"/>
    <column name="LOG_TYPE"/>
    <column name="NEW_NEXT_ID"/>
    <column name="NEW_PREVIOUS_ID"/>
    <column name="OLD_NEXT_ID"/>
    <column name="OLD_PREVIOUS_ID"/>
    <column name="SANITY_CHECKED"/>
  </data>
  <data tableName="AO_60DB71_LEXORANK">
    <column name="FIELD_ID"/>
    <column name="ID"/>
    <column name="ISSUE_ID"/>
    <column name="LOCK_HASH"/>
    <column name="LOCK_TIME"/>
    <column name="RANK"/>
    <column name="TYPE"/>
    <row>
      <integer>10000</integer>
      <integer>7</integer>
      <integer>-9223372036854775808</integer>
      <string xsi:nil="true"/>
      <integer xsi:nil="true"/>
      <string>0|000000:</string>
      <integer>0</integer>
    </row>
    <row>
      <integer>10000</integer>
      <integer>8</integer>
      <integer>9223372036854775807</integer>
      <string xsi:nil="true"/>
      <integer xsi:nil="true"/>
      <string>0|zzzzzz:</string>
      <integer>2</integer>
    </row>
    <row>
      <integer>10000</integer>
      <integer>9</integer>
      <integer>10000</integer>
      <string xsi:nil="true"/>
      <integer xsi:nil="true"/>
      <string>0|hzzzzz:</string>
      <integer>1</integer>
    </row>
    <row>
      <integer>10000</integer>
      <integer>10</integer>
      <integer>10001</integer>
      <string xsi:nil="true"/>
      <integer xsi:nil="true"/>
      <string>0|i00007:</string>
      <integer>1</integer>
    </row>
    <row>
      <integer>10000</integer>
      <integer>11</integer>
      <integer>10002</integer>
      <string xsi:nil="true"/>
      <integer xsi:nil="true"/>
      <string>0|i0000f:</string>
      <integer>1</integer>
    </row>
    <row>
      <integer>10000</integer>
      <integer>12</integer>
      <integer>10003</integer>
      <string xsi:nil="true"/>
      <integer xsi:nil="true"/>
      <string>0|i0000n:</string>
      <integer>1</integer>
    </row>
    <row>
      <integer>10000</integer>
      <integer>13</integer>
      <integer>10004</integer>
      <string xsi:nil="true"/>
      <integer xsi:nil="true"/>
      <string>0|i0000v:</string>
      <integer>1</integer>
    </row>
    <row>
      <integer>10000</integer>
      <integer>14</integer>
      <integer>10005</integer>
      <string xsi:nil="true"/>
      <integer xsi:nil="true"/>
      <string>0|i00013:</string>
      <integer>1</integer>
    </row>
    <row>
      <integer>10000</integer>
      <integer>15</integer>
      <integer>10006</integer>
      <string xsi:nil="true"/>
      <integer xsi:nil="true"/>
      <string>0|i0001b:</string>
      <integer>1</integer>
    </row>
    <row>
      <integer>10000</integer>
      <integer>16</integer>
      <integer>10007</integer>
      <string xsi:nil="true"/>
      <integer xsi:nil="true"/>
      <string>0|i0001j:</string>
      <integer>1</integer>
    </row>
    <row>
      <integer>10000</integer>
      <integer>17</integer>
      <integer>10008</integer>
      <string xsi:nil="true"/>
      <integer xsi:nil="true"/>
      <string>0|i0001r:</string>
      <integer>1</integer>
    </row>
    <row>
      <integer>10000</integer>
      <integer>18</integer>
      <integer>10009</integer>
      <string xsi:nil="true"/>
      <integer xsi:nil="true"/>
      <string>0|i0001z:</string>
      <integer>1</integer>
    </row>
    <row>
      <integer>10000</integer>
      <integer>19</integer>
      <integer>10010</integer>
      <string xsi:nil="true"/>
      <integer xsi:nil="true"/>
      <string>0|i00027:</string>
      <integer>1</integer>
    </row>
    <row>
      <integer>10000</integer>
      <integer>20</integer>
      <integer>10011</integer>
      <string xsi:nil="true"/>
      <integer xsi:nil="true"/>
      <string>0|i0002f:</string>
      <integer>1</integer>
    </row>
    <row>
      <integer>10000</integer>
      <integer>21</integer>
      <integer>10012</integer>
      <string xsi:nil="true"/>
      <integer xsi:nil="true"/>
      <string>0|i0002n:</string>
      <integer>1</integer>
    </row>
    <row>
      <integer>10000</integer>
      <integer>22</integer>
      <integer>10013</integer>
      <string xsi:nil="true"/>
      <integer xsi:nil="true"/>
      <string>0|i0002v:</string>
      <integer>1</integer>
    </row>
    <row>
      <integer>10000</integer>
      <integer>23</integer>
      <integer>10014</integer>
      <string xsi:nil="true"/>
      <integer xsi:nil="true"/>
      <string>0|i00033:</string>
      <integer>1</integer>
    </row>
    <row>
      <integer>10000</integer>
      <integer>24</integer>
      <integer>10015</integer>
      <string xsi:nil="true"/>
      <integer xsi:nil="true"/>
      <string>0|i0003b:</string>
      <integer>1</integer>
    </row>
    <row>
      <integer>10000</integer>
      <integer>25</integer>
      <integer>10016</integer>
      <string xsi:nil="true"/>
      <integer xsi:nil="true"/>
      <string>0|i0003j:</string>
      <integer>1</integer>
    </row>
    <row>
      <integer>10000</integer>
      <integer>39</integer>
      <integer>10100</integer>
      <string xsi:nil="true"/>
      <integer xsi:nil="true"/>
      <string>0|i0003r:</string>
      <integer>1</integer>
    </row>
    <row>
      <integer>10000</integer>
      <integer>40</integer>
      <integer>10101</integer>
      <string xsi:nil="true"/>
      <integer xsi:nil="true"/>
      <string>0|i0003z:</string>
      <integer>1</integer>
    </row>
    <row>
      <integer>10000</integer>
      <integer>41</integer>
      <integer>10102</integer>
      <string xsi:nil="true"/>
      <integer xsi:nil="true"/>
      <string>0|i00047:</string>
      <integer>1</integer>
    </row>
    <row>
      <integer>10000</integer>
      <integer>71</integer>
      <integer>10200</integer>
      <string xsi:nil="true"/>
      <integer xsi:nil="true"/>
      <string>0|i0004f:</string>
      <integer>1</integer>
    </row>
    <row>
      <integer>10000</integer>
      <integer>72</integer>
      <integer>10201</integer>
      <string xsi:nil="true"/>
      <integer xsi:nil="true"/>
      <string>0|i0004n:</string>
      <integer>1</integer>
    </row>
    <row>
      <integer>10000</integer>
      <integer>73</integer>
      <integer>10202</integer>
      <string xsi:nil="true"/>
      <integer xsi:nil="true"/>
      <string>0|i0004v:</string>
      <integer>1</integer>
    </row>
    <row>
      <integer>10000</integer>
      <integer>74</integer>
      <integer>10203</integer>
      <string xsi:nil="true"/>
      <integer xsi:nil="true"/>
      <string>0|i00053:</string>
      <integer>1</integer>
    </row>
    <row>
      <integer>10000</integer>
      <integer>75</integer>
      <integer>10204</integer>
      <string xsi:nil="true"/>
      <integer xsi:nil="true"/>
      <string>0|i0005b:</string>
      <integer>1</integer>
    </row>
    <row>
      <integer>10000</integer>
      <integer>76</integer>
      <integer>10205</integer>
      <string xsi:nil="true"/>
      <integer xsi:nil="true"/>
      <string>0|i0005j:</string>
      <integer>1</integer>
    </row>
    <row>
      <integer>10000</integer>
      <integer>103</integer>
      <integer>10300</integer>
      <string xsi:nil="true"/>
      <integer xsi:nil="true"/>
      <string>0|i0005r:</string>
      <integer>1</integer>
    </row>
    <row>
      <integer>10000</integer>
      <integer>104</integer>
      <integer>10301</integer>
      <string xsi:nil="true"/>
      <integer xsi:nil="true"/>
      <string>0|i0005z:</string>
      <integer>1</integer>
    </row>
    <row>
      <integer>10000</integer>
      <integer>105</integer>
      <integer>10302</integer>
      <string xsi:nil="true"/>
      <integer xsi:nil="true"/>
      <string>0|i00067:</string>
      <integer>1</integer>
    </row>
    <row>
      <integer>10000</integer>
      <integer>106</integer>
      <integer>10303</integer>
      <string xsi:nil="true"/>
      <integer xsi:nil="true"/>
      <string>0|i0006f:</string>
      <integer>1</integer>
    </row>
    <row>
      <integer>10000</integer>
      <integer>107</integer>
      <integer>10304</integer>
      <string xsi:nil="true"/>
      <integer xsi:nil="true"/>
      <string>0|i0006n:</string>
      <integer>1</integer>
    </row>
    <row>
      <integer>10000</integer>
      <integer>108</integer>
      <integer>10305</integer>
      <string xsi:nil="true"/>
      <integer xsi:nil="true"/>
      <string>0|i0006v:</string>
      <integer>1</integer>
    </row>
    <row>
      <integer>10000</integer>
      <integer>109</integer>
      <integer>10306</integer>
      <string xsi:nil="true"/>
      <integer xsi:nil="true"/>
      <string>0|i00073:</string>
      <integer>1</integer>
    </row>
    <row>
      <integer>10000</integer>
      <integer>135</integer>
      <integer>10400</integer>
      <string xsi:nil="true"/>
      <integer xsi:nil="true"/>
      <string>0|i0007b:</string>
      <integer>1</integer>
    </row>
    <row>
      <integer>10000</integer>
      <integer>136</integer>
      <integer>10401</integer>
      <string xsi:nil="true"/>
      <integer xsi:nil="true"/>
      <string>0|i0007j:</string>
      <integer>1</integer>
    </row>
    <row>
      <integer>10000</integer>
      <integer>137</integer>
      <integer>10402</integer>
      <string xsi:nil="true"/>
      <integer xsi:nil="true"/>
      <string>0|i0007r:</string>
      <integer>1</integer>
    </row>
    <row>
      <integer>10000</integer>
      <integer>138</integer>
      <integer>10403</integer>
      <string xsi:nil="true"/>
      <integer xsi:nil="true"/>
      <string>0|i0007z:</string>
      <integer>1</integer>
    </row>
    <row>
      <integer>10000</integer>
      <integer>139</integer>
      <integer>10404</integer>
      <string xsi:nil="true"/>
      <integer xsi:nil="true"/>
      <string>0|i00087:</string>
      <integer>1</integer>
    </row>
    <row>
      <integer>10000</integer>
      <integer>140</integer>
      <integer>10405</integer>
      <string xsi:nil="true"/>
      <integer xsi:nil="true"/>
      <string>0|i0008f:</string>
      <integer>1</integer>
    </row>
    <row>
      <integer>10000</integer>
      <integer>199</integer>
      <integer>10500</integer>
      <string xsi:nil="true"/>
      <integer xsi:nil="true"/>
      <string>0|i0008n:</string>
      <integer>1</integer>
    </row>
    <row>
      <integer>10000</integer>
      <integer>200</integer>
      <integer>10501</integer>
      <string xsi:nil="true"/>
      <integer xsi:nil="true"/>
      <string>0|i0008v:</string>
      <integer>1</integer>
    </row>
    <row>
      <integer>10000</integer>
      <integer>201</integer>
      <integer>10502</integer>
      <string xsi:nil="true"/>
      <integer xsi:nil="true"/>
      <string>0|i00093:</string>
      <integer>1</integer>
    </row>
    <row>
      <integer>10000</integer>
      <integer>202</integer>
      <integer>10503</integer>
      <string xsi:nil="true"/>
      <integer xsi:nil="true"/>
      <string>0|i0009b:</string>
      <integer>1</integer>
    </row>
    <row>
      <integer>10000</integer>
      <integer>203</integer>
      <integer>10504</integer>
      <string xsi:nil="true"/>
      <integer xsi:nil="true"/>
      <string>0|i0009j:</string>
      <integer>1</integer>
    </row>
    <row>
      <integer>10000</integer>
      <integer>204</integer>
      <integer>10505</integer>
      <string xsi:nil="true"/>
      <integer xsi:nil="true"/>
      <string>0|i0009r:</string>
      <integer>1</integer>
    </row>
    <row>
      <integer>10000</integer>
      <integer>205</integer>
      <integer>10506</integer>
      <string xsi:nil="true"/>
      <integer xsi:nil="true"/>
      <string>0|i0009z:</string>
      <integer>1</integer>
    </row>
    <row>
      <integer>10000</integer>
      <integer>206</integer>
      <integer>10507</integer>
      <string xsi:nil="true"/>
      <integer xsi:nil="true"/>
      <string>0|i000a7:</string>
      <integer>1</integer>
    </row>
    <row>
      <integer>10000</integer>
      <integer>207</integer>
      <integer>10508</integer>
      <string xsi:nil="true"/>
      <integer xsi:nil="true"/>
      <string>0|i000af:</string>
      <integer>1</integer>
    </row>
    <row>
      <integer>10000</integer>
      <integer>208</integer>
      <integer>10509</integer>
      <string xsi:nil="true"/>
      <integer xsi:nil="true"/>
      <string>0|i000an:</string>
      <integer>1</integer>
    </row>
    <row>
      <integer>10000</integer>
      <integer>209</integer>
      <integer>10510</integer>
      <string xsi:nil="true"/>
      <integer xsi:nil="true"/>
      <string>0|i000av:</string>
      <integer>1</integer>
    </row>
    <row>
      <integer>10000</integer>
      <integer>210</integer>
      <integer>10511</integer>
      <string xsi:nil="true"/>
      <integer xsi:nil="true"/>
      <string>0|i000b3:</string>
      <integer>1</integer>
    </row>
    <row>
      <integer>10000</integer>
      <integer>211</integer>
      <integer>10512</integer>
      <string xsi:nil="true"/>
      <integer xsi:nil="true"/>
      <string>0|i000bb:</string>
      <integer>1</integer>
    </row>
    <row>
      <integer>10000</integer>
      <integer>212</integer>
      <integer>10513</integer>
      <string xsi:nil="true"/>
      <integer xsi:nil="true"/>
      <string>0|i000bj:</string>
      <integer>1</integer>
    </row>
    <row>
      <integer>10000</integer>
      <integer>213</integer>
      <integer>10514</integer>
      <string xsi:nil="true"/>
      <integer xsi:nil="true"/>
      <string>0|i000br:</string>
      <integer>1</integer>
    </row>
    <row>
      <integer>10000</integer>
      <integer>214</integer>
      <integer>10515</integer>
      <string xsi:nil="true"/>
      <integer xsi:nil="true"/>
      <string>0|i000bz:</string>
      <integer>1</integer>
    </row>
    <row>
      <integer>10000</integer>
      <integer>215</integer>
      <integer>10516</integer>
      <string xsi:nil="true"/>
      <integer xsi:nil="true"/>
      <string>0|i000c7:</string>
      <integer>1</integer>
    </row>
    <row>
      <integer>10000</integer>
      <integer>216</integer>
      <integer>10517</integer>
      <string xsi:nil="true"/>
      <integer xsi:nil="true"/>
      <string>0|i000cf:</string>
      <integer>1</integer>
    </row>
    <row>
      <integer>10000</integer>
      <integer>217</integer>
      <integer>10518</integer>
      <string xsi:nil="true"/>
      <integer xsi:nil="true"/>
      <string>0|i000cn:</string>
      <integer>1</integer>
    </row>
    <row>
      <integer>10000</integer>
      <integer>218</integer>
      <integer>10519</integer>
      <string xsi:nil="true"/>
      <integer xsi:nil="true"/>
      <string>0|i000cv:</string>
      <integer>1</integer>
    </row>
    <row>
      <integer>10000</integer>
      <integer>219</integer>
      <integer>10520</integer>
      <string xsi:nil="true"/>
      <integer xsi:nil="true"/>
      <string>0|i000d3:</string>
      <integer>1</integer>
    </row>
    <row>
      <integer>10000</integer>
      <integer>220</integer>
      <integer>10521</integer>
      <string xsi:nil="true"/>
      <integer xsi:nil="true"/>
      <string>0|i000db:</string>
      <integer>1</integer>
    </row>
    <row>
      <integer>10000</integer>
      <integer>221</integer>
      <integer>10522</integer>
      <string xsi:nil="true"/>
      <integer xsi:nil="true"/>
      <string>0|i000dj:</string>
      <integer>1</integer>
    </row>
    <row>
      <integer>10000</integer>
      <integer>222</integer>
      <integer>10523</integer>
      <string xsi:nil="true"/>
      <integer xsi:nil="true"/>
      <string>0|i000dr:</string>
      <integer>1</integer>
    </row>
    <row>
      <integer>10000</integer>
      <integer>295</integer>
      <integer>10600</integer>
      <string xsi:nil="true"/>
      <integer xsi:nil="true"/>
      <string>0|i000dz:</string>
      <integer>1</integer>
    </row>
    <row>
      <integer>10000</integer>
      <integer>296</integer>
      <integer>10601</integer>
      <string xsi:nil="true"/>
      <integer xsi:nil="true"/>
      <string>0|i000e7:</string>
      <integer>1</integer>
    </row>
    <row>
      <integer>10000</integer>
      <integer>297</integer>
      <integer>10602</integer>
      <string xsi:nil="true"/>
      <integer xsi:nil="true"/>
      <string>0|i000ef:</string>
      <integer>1</integer>
    </row>
    <row>
      <integer>10000</integer>
      <integer>298</integer>
      <integer>10603</integer>
      <string xsi:nil="true"/>
      <integer xsi:nil="true"/>
      <string>0|i000en:</string>
      <integer>1</integer>
    </row>
    <row>
      <integer>10000</integer>
      <integer>327</integer>
      <integer>10700</integer>
      <string xsi:nil="true"/>
      <integer xsi:nil="true"/>
      <string>0|i000ev:</string>
      <integer>1</integer>
    </row>
    <row>
      <integer>10000</integer>
      <integer>328</integer>
      <integer>10701</integer>
      <string xsi:nil="true"/>
      <integer xsi:nil="true"/>
      <string>0|i000f3:</string>
      <integer>1</integer>
    </row>
  </data>
  <data tableName="AO_60DB71_LEXORANKBALANCER">
    <column name="DISABLE_RANK_OPERATIONS"/>
    <column name="FIELD_ID"/>
    <column name="ID"/>
    <column name="REBALANCE_TIME"/>
  </data>
  <data tableName="AO_60DB71_NONWORKINGDAY">
    <column name="ID"/>
    <column name="ISO8601_DATE"/>
    <column name="WORKING_DAYS_ID"/>
  </data>
  <data tableName="AO_60DB71_QUICKFILTER">
    <column name="DESCRIPTION"/>
    <column name="ID"/>
    <column name="LONG_QUERY"/>
    <column name="NAME"/>
    <column name="POS"/>
    <column name="QUERY"/>
    <column name="RAPID_VIEW_ID"/>
    <row>
      <string>gh.rapid.quickfilters.only.my.issues.desc</string>
      <integer>1</integer>
      <string>assignee = currentUser()</string>
      <string>gh.rapid.quickfilters.only.my.issues</string>
      <integer>0</integer>
      <string xsi:nil="true"/>
      <integer>1</integer>
    </row>
    <row>
      <string>gh.rapid.quickfilters.recently.updated.desc</string>
      <integer>2</integer>
      <string>updatedDate >= -1d</string>
      <string>gh.rapid.quickfilters.recently.updated</string>
      <integer>1</integer>
      <string xsi:nil="true"/>
      <integer>1</integer>
    </row>
  </data>
  <data tableName="AO_60DB71_RANKABLEOBJECT">
    <column name="ID"/>
    <column name="TYPE"/>
  </data>
  <data tableName="AO_60DB71_RANK_ISSUE_LINK">
    <column name="ISSUE_ID"/>
    <column name="NEXT_ID"/>
  </data>
  <data tableName="AO_60DB71_RAPIDVIEW">
    <column name="CARD_COLOR_STRATEGY"/>
    <column name="ID"/>
    <column name="NAME"/>
    <column name="OWNER_USER_NAME"/>
    <column name="SAVED_FILTER_ID"/>
    <column name="SHOW_DAYS_IN_COLUMN"/>
    <column name="SPRINTS_ENABLED"/>
    <column name="SPRINT_MARKERS_MIGRATED"/>
    <column name="SWIMLANE_STRATEGY"/>
    <row>
      <string>none</string>
      <integer>1</integer>
      <string>CWP board</string>
      <string>p0zzy</string>
      <integer>10000</integer>
      <boolean>true</boolean>
      <boolean>false</boolean>
      <boolean>true</boolean>
      <string>custom</string>
    </row>
  </data>
  <data tableName="AO_60DB71_SPRINT">
    <column name="CLOSED"/>
    <column name="COMPLETE_DATE"/>
    <column name="END_DATE"/>
    <column name="ID"/>
    <column name="NAME"/>
    <column name="RAPID_VIEW_ID"/>
    <column name="SEQUENCE"/>
    <column name="STARTED"/>
    <column name="START_DATE"/>
  </data>
  <data tableName="AO_60DB71_SPRINTMARKER">
    <column name="ID"/>
    <column name="MARKER_CONTEXT"/>
    <column name="NAME"/>
  </data>
  <data tableName="AO_60DB71_STATSFIELD">
    <column name="ID"/>
    <column name="RAPID_VIEW_ID"/>
    <column name="TYPE_ID"/>
    <row>
      <integer>1</integer>
      <integer>1</integer>
      <string>issueCount</string>
    </row>
  </data>
  <data tableName="AO_60DB71_SUBQUERY">
    <column name="ID"/>
    <column name="LONG_QUERY"/>
    <column name="QUERY"/>
    <column name="RAPID_VIEW_ID"/>
    <column name="SECTION"/>
    <row>
      <integer>1</integer>
      <string>fixVersion in unreleasedVersions() OR fixVersion is EMPTY</string>
      <string xsi:nil="true"/>
      <integer>1</integer>
      <string>board.kanban.work</string>
    </row>
  </data>
  <data tableName="AO_60DB71_SWIMLANE">
    <column name="DEFAULT_LANE"/>
    <column name="DESCRIPTION"/>
    <column name="ID"/>
    <column name="LONG_QUERY"/>
    <column name="NAME"/>
    <column name="POS"/>
    <column name="QUERY"/>
    <column name="RAPID_VIEW_ID"/>
    <row>
      <boolean>false</boolean>
      <string>gh.rapid.swimlane.expedite.desc</string>
      <integer>1</integer>
      <string>priority = Highest</string>
      <string>gh.rapid.swimlane.expedite.name</string>
      <integer>0</integer>
      <string xsi:nil="true"/>
      <integer>1</integer>
    </row>
    <row>
      <boolean>true</boolean>
      <string></string>
      <integer>2</integer>
      <string></string>
      <string>gh.rapid.swimlane.default.name</string>
      <integer>1</integer>
      <string xsi:nil="true"/>
      <integer>1</integer>
    </row>
  </data>
  <data tableName="AO_60DB71_TRACKINGSTATISTIC">
    <column name="FIELD_ID"/>
    <column name="ID"/>
    <column name="RAPID_VIEW_ID"/>
    <column name="TYPE_ID"/>
    <row>
      <string xsi:nil="true"/>
      <integer>1</integer>
      <integer>1</integer>
      <string>none</string>
    </row>
  </data>
  <data tableName="AO_60DB71_VERSION">
    <column name="ID"/>
    <column name="START_DATE"/>
    <column name="VERSION_ID"/>
  </data>
  <data tableName="AO_60DB71_WORKINGDAYS">
    <column name="FRIDAY"/>
    <column name="ID"/>
    <column name="MONDAY"/>
    <column name="RAPID_VIEW_ID"/>
    <column name="SATURDAY"/>
    <column name="SUNDAY"/>
    <column name="THURSDAY"/>
    <column name="TIMEZONE"/>
    <column name="TUESDAY"/>
    <column name="WEDNESDAY"/>
    <row>
      <boolean>true</boolean>
      <integer>1</integer>
      <boolean>true</boolean>
      <integer>1</integer>
      <boolean>false</boolean>
      <boolean>false</boolean>
      <boolean>true</boolean>
      <string>Europe/Minsk</string>
      <boolean>true</boolean>
      <boolean>true</boolean>
    </row>
  </data>
  <data tableName="AO_97EDAB_USERINVITATION">
    <column name="APPLICATION_KEYS"/>
    <column name="EMAIL_ADDRESS"/>
    <column name="EXPIRY"/>
    <column name="ID"/>
    <column name="REDEEMED"/>
    <column name="SENDER_USERNAME"/>
    <column name="TOKEN"/>
  </data>
  <data tableName="AO_A0B856_WEB_HOOK_LISTENER_AO">
    <column name="DESCRIPTION"/>
    <column name="ENABLED"/>
    <column name="EVENTS"/>
    <column name="EXCLUDE_BODY"/>
    <column name="FILTERS"/>
    <column name="ID"/>
    <column name="LAST_UPDATED"/>
    <column name="LAST_UPDATED_USER"/>
    <column name="NAME"/>
    <column name="PARAMETERS"/>
    <column name="REGISTRATION_METHOD"/>
    <column name="URL"/>
  </data>
  <data tableName="AO_A44657_HEALTH_CHECK_ENTITY">
    <column name="ID"/>
  </data>
  <data tableName="AO_B9A0F0_APPLIED_TEMPLATE">
    <column name="ID"/>
    <column name="PROJECT_ID"/>
    <column name="PROJECT_TEMPLATE_MODULE_KEY"/>
    <column name="PROJECT_TEMPLATE_WEB_ITEM_KEY"/>
    <row>
      <integer>1</integer>
      <integer>10000</integer>
      <string>com.pyxis.greenhopper.jira:gh-kanban-template</string>
      <string>com.pyxis.greenhopper.jira:gh-kanban-template</string>
    </row>
    <row>
      <integer>2</integer>
      <integer>10001</integer>
      <string>com.pyxis.greenhopper.jira:basic-software-development-template</string>
      <string>com.pyxis.greenhopper.jira:basic-software-development-template</string>
    </row>
    <row>
      <integer>3</integer>
      <integer>10002</integer>
      <string>com.pyxis.greenhopper.jira:basic-software-development-template</string>
      <string>com.pyxis.greenhopper.jira:basic-software-development-template</string>
    </row>
    <row>
      <integer>4</integer>
      <integer>10003</integer>
      <string>com.pyxis.greenhopper.jira:basic-software-development-template</string>
      <string>com.pyxis.greenhopper.jira:basic-software-development-template</string>
    </row>
    <row>
      <integer>33</integer>
      <integer>10100</integer>
      <string>com.pyxis.greenhopper.jira:basic-software-development-template</string>
      <string>com.pyxis.greenhopper.jira:basic-software-development-template</string>
    </row>
    <row>
      <integer>65</integer>
      <integer>10200</integer>
      <string>com.pyxis.greenhopper.jira:basic-software-development-template</string>
      <string>com.pyxis.greenhopper.jira:basic-software-development-template</string>
    </row>
    <row>
      <integer>97</integer>
      <integer>10300</integer>
      <string>com.pyxis.greenhopper.jira:basic-software-development-template</string>
      <string>com.pyxis.greenhopper.jira:basic-software-development-template</string>
    </row>
  </data>
  <data tableName="AO_CFF990_AOTRANSITION_FAILURE">
    <column name="ERROR_MESSAGES"/>
    <column name="FAILURE_TIME"/>
    <column name="ID"/>
    <column name="ISSUE_ID"/>
    <column name="LOG_REFERRAL_HASH"/>
    <column name="TRANSITION_ID"/>
    <column name="TRIGGER_ID"/>
    <column name="USER_KEY"/>
    <column name="WORKFLOW_ID"/>
  </data>
  <data tableName="AO_E8B6CC_BRANCH">
    <column name="ID"/>
    <column name="NAME"/>
    <column name="REPOSITORY_ID"/>
  </data>
  <data tableName="AO_E8B6CC_BRANCH_HEAD_MAPPING">
    <column name="BRANCH_NAME"/>
    <column name="HEAD"/>
    <column name="ID"/>
    <column name="REPOSITORY_ID"/>
  </data>
  <data tableName="AO_E8B6CC_CHANGESET_MAPPING">
    <column name="AUTHOR"/>
    <column name="AUTHOR_EMAIL"/>
    <column name="BRANCH"/>
    <column name="DATE"/>
    <column name="FILES_DATA"/>
    <column name="FILE_COUNT"/>
    <column name="FILE_DETAILS_JSON"/>
    <column name="ID"/>
    <column name="ISSUE_KEY"/>
    <column name="MESSAGE"/>
    <column name="NODE"/>
    <column name="PARENTS_DATA"/>
    <column name="PROJECT_KEY"/>
    <column name="RAW_AUTHOR"/>
    <column name="RAW_NODE"/>
    <column name="REPOSITORY_ID"/>
    <column name="SMARTCOMMIT_AVAILABLE"/>
    <column name="VERSION"/>
  </data>
  <data tableName="AO_E8B6CC_COMMIT">
    <column name="AUTHOR"/>
    <column name="AUTHOR_AVATAR_URL"/>
    <column name="DATE"/>
    <column name="DOMAIN_ID"/>
    <column name="ID"/>
    <column name="MERGE"/>
    <column name="MESSAGE"/>
    <column name="NODE"/>
    <column name="RAW_AUTHOR"/>
  </data>
  <data tableName="AO_E8B6CC_GIT_HUB_EVENT">
    <column name="CREATED_AT"/>
    <column name="GIT_HUB_ID"/>
    <column name="ID"/>
    <column name="REPOSITORY_ID"/>
    <column name="SAVE_POINT"/>
  </data>
  <data tableName="AO_E8B6CC_ISSUE_MAPPING">
    <column name="ID"/>
    <column name="ISSUE_ID"/>
    <column name="NODE"/>
    <column name="PROJECT_KEY"/>
    <column name="REPOSITORY_URI"/>
  </data>
  <data tableName="AO_E8B6CC_ISSUE_MAPPING_V2">
    <column name="AUTHOR"/>
    <column name="BRANCH"/>
    <column name="DATE"/>
    <column name="FILES_DATA"/>
    <column name="ID"/>
    <column name="ISSUE_ID"/>
    <column name="MESSAGE"/>
    <column name="NODE"/>
    <column name="PARENTS_DATA"/>
    <column name="RAW_AUTHOR"/>
    <column name="RAW_NODE"/>
    <column name="REPOSITORY_ID"/>
    <column name="VERSION"/>
  </data>
  <data tableName="AO_E8B6CC_ISSUE_TO_BRANCH">
    <column name="BRANCH_ID"/>
    <column name="ID"/>
    <column name="ISSUE_KEY"/>
  </data>
  <data tableName="AO_E8B6CC_ISSUE_TO_CHANGESET">
    <column name="CHANGESET_ID"/>
    <column name="ID"/>
    <column name="ISSUE_KEY"/>
    <column name="PROJECT_KEY"/>
  </data>
  <data tableName="AO_E8B6CC_MESSAGE">
    <column name="ADDRESS"/>
    <column name="ID"/>
    <column name="PAYLOAD"/>
    <column name="PAYLOAD_TYPE"/>
    <column name="PRIORITY"/>
  </data>
  <data tableName="AO_E8B6CC_MESSAGE_QUEUE_ITEM">
    <column name="ID"/>
    <column name="LAST_FAILED"/>
    <column name="MESSAGE_ID"/>
    <column name="QUEUE"/>
    <column name="RETRIES_COUNT"/>
    <column name="STATE"/>
    <column name="STATE_INFO"/>
  </data>
  <data tableName="AO_E8B6CC_MESSAGE_TAG">
    <column name="ID"/>
    <column name="MESSAGE_ID"/>
    <column name="TAG"/>
  </data>
  <data tableName="AO_E8B6CC_ORGANIZATION_MAPPING">
    <column name="ACCESS_TOKEN"/>
    <column name="ADMIN_PASSWORD"/>
    <column name="ADMIN_USERNAME"/>
    <column name="AUTOLINK_NEW_REPOS"/>
    <column name="DEFAULT_GROUPS_SLUGS"/>
    <column name="DVCS_TYPE"/>
    <column name="HOST_URL"/>
    <column name="ID"/>
    <column name="NAME"/>
    <column name="OAUTH_KEY"/>
    <column name="OAUTH_SECRET"/>
    <column name="PRINCIPAL_ID"/>
    <column name="SMARTCOMMITS_FOR_NEW_REPOS"/>
  </data>
  <data tableName="AO_E8B6CC_PROJECT_MAPPING">
    <column name="ID"/>
    <column name="PASSWORD"/>
    <column name="PROJECT_KEY"/>
    <column name="REPOSITORY_URI"/>
    <column name="USERNAME"/>
  </data>
  <data tableName="AO_E8B6CC_PROJECT_MAPPING_V2">
    <column name="ACCESS_TOKEN"/>
    <column name="ADMIN_PASSWORD"/>
    <column name="ADMIN_USERNAME"/>
    <column name="ID"/>
    <column name="LAST_COMMIT_DATE"/>
    <column name="PROJECT_KEY"/>
    <column name="REPOSITORY_NAME"/>
    <column name="REPOSITORY_TYPE"/>
    <column name="REPOSITORY_URL"/>
  </data>
  <data tableName="AO_E8B6CC_PR_ISSUE_KEY">
    <column name="DOMAIN_ID"/>
    <column name="ID"/>
    <column name="ISSUE_KEY"/>
    <column name="PULL_REQUEST_ID"/>
  </data>
  <data tableName="AO_E8B6CC_PR_PARTICIPANT">
    <column name="APPROVED"/>
    <column name="DOMAIN_ID"/>
    <column name="ID"/>
    <column name="PULL_REQUEST_ID"/>
    <column name="ROLE"/>
    <column name="USERNAME"/>
  </data>
  <data tableName="AO_E8B6CC_PR_TO_COMMIT">
    <column name="COMMIT_ID"/>
    <column name="DOMAIN_ID"/>
    <column name="ID"/>
    <column name="REQUEST_ID"/>
  </data>
  <data tableName="AO_E8B6CC_PULL_REQUEST">
    <column name="AUTHOR"/>
    <column name="COMMENT_COUNT"/>
    <column name="CREATED_ON"/>
    <column name="DESTINATION_BRANCH"/>
    <column name="DOMAIN_ID"/>
    <column name="EXECUTED_BY"/>
    <column name="ID"/>
    <column name="LAST_STATUS"/>
    <column name="NAME"/>
    <column name="REMOTE_ID"/>
    <column name="SOURCE_BRANCH"/>
    <column name="SOURCE_REPO"/>
    <column name="TO_REPOSITORY_ID"/>
    <column name="UPDATED_ON"/>
    <column name="URL"/>
  </data>
  <data tableName="AO_E8B6CC_REPOSITORY_MAPPING">
    <column name="ACTIVITY_LAST_SYNC"/>
    <column name="DELETED"/>
    <column name="FORK"/>
    <column name="FORK_OF_NAME"/>
    <column name="FORK_OF_OWNER"/>
    <column name="FORK_OF_SLUG"/>
    <column name="ID"/>
    <column name="LAST_CHANGESET_NODE"/>
    <column name="LAST_COMMIT_DATE"/>
    <column name="LINKED"/>
    <column name="LOGO"/>
    <column name="NAME"/>
    <column name="ORGANIZATION_ID"/>
    <column name="SLUG"/>
    <column name="SMARTCOMMITS_ENABLED"/>
    <column name="UPDATE_LINK_AUTHORISED"/>
  </data>
  <data tableName="AO_E8B6CC_REPO_TO_CHANGESET">
    <column name="CHANGESET_ID"/>
    <column name="ID"/>
    <column name="REPOSITORY_ID"/>
  </data>
  <data tableName="AO_E8B6CC_REPO_TO_PROJECT">
    <column name="ID"/>
    <column name="PROJECT_KEY"/>
    <column name="REPOSITORY_ID"/>
  </data>
  <data tableName="AO_E8B6CC_SYNC_AUDIT_LOG">
    <column name="END_DATE"/>
    <column name="EXC_TRACE"/>
    <column name="FIRST_REQUEST_DATE"/>
    <column name="FLIGHT_TIME_MS"/>
    <column name="ID"/>
    <column name="NUM_REQUESTS"/>
    <column name="REPO_ID"/>
    <column name="START_DATE"/>
    <column name="SYNC_STATUS"/>
    <column name="SYNC_TYPE"/>
    <column name="TOTAL_ERRORS"/>
  </data>
  <data tableName="AO_E8B6CC_SYNC_EVENT">
    <column name="EVENT_CLASS"/>
    <column name="EVENT_DATE"/>
    <column name="EVENT_JSON"/>
    <column name="ID"/>
    <column name="REPO_ID"/>
    <column name="SCHEDULED_SYNC"/>
  </data>
</backup>